id,thumb_2048_url,captured_at,sequence,lat,long,orientation,rotation,f,k1,k2,sfm_lat,sfm_long
493491445037843,https://scontent-ams2-1.xx.fbcdn.net/m1/v/t6/An-W5QJ5_0H8MKUlO7paaGAnaK6l0tXqVg23n0c8J_-zp3fKWlQtKeW5R6KG8trKF9ZDHd3Bqz2okPWarXNPE3Z1g5-1aM-AOKI-DjCR9tdvcT9MVF9dYONo5Rf8Azd0GChuhgs9fdPiYwAZS8GPYA?stp=s2048x1536&edm=ALXxkZ8EAAAA&_nc_gid=PZ0BZ5wWCUMi-hXLCVYJgQ&_nc_oc=AdlZicpGEqA4SYzel11vfFtRXi-5cfU7guMBX2VZcngYbW06B64M-zRhT8Ip9HUv66s&ccb=10-5&oh=00_AfdXB3vWWgMoj3B158Fw9rILyDou9ItegUlNG_O0sYQgWg&oe=692B9061&_nc_sid=201bca,1550127484107,S0kbYi8VQ_WxGBZSOrY3Wg,41.905253423306,12.482581799061,61.014099121094,"[1.3956770645527, -0.89369004559247, 0.74911559072922]",0.81050832442877,0.0081370870359594,-0.031523579123013,41.905255171615,12.482588168891
231632738679453,https://scontent-ams2-1.xx.fbcdn.net/m1/v/t6/An_ZZNDDcWK-czPU_C2sJ6iTxk0gNLulcfeghSDnfIfv9go6dfQ_rz4IYMEdOBrFCaz3dQojKdwDNT6FTwph58dzx_LMxeUOk7u84ZGA8W8gXRUmXTfF8wLY9icz1T783P5Z7Gmv5V4c0hr7_xY6Azo?stp=s2048x1536&edm=ALXxkZ8EAAAA&_nc_gid=skmUdc5CoGw3yIXJxT37lg&_nc_oc=Adn-ARgmHWmvKGYykiqF6fxFGTK7yK0OmyFxpcCmn4n-KMYNum6HO7C4IodchBZd22A&ccb=10-5&oh=00_Afe5rpM33YjGdznSg6PVlBTV1RfAkvtgLZXpEz4APwTLww&oe=692B6232&_nc_sid=201bca,1550127485036,S0kbYi8VQ_WxGBZSOrY3Wg,41.905267485778,12.482595005318,56.91796875,"[1.4563311808357, -0.79829684222545, 0.71125783026631]",0.81050832442877,0.0081370870359594,-0.031523579123013,41.905259983376,12.48259919537
180614887260725,https://scontent-ams2-1.xx.fbcdn.net/m1/v/t6/An9miyylqroIhBDtW8SGsp0J19tncwYLnbqhjxIY3m4L5QestIfuXHwx91kDCAxHxOqR7GWak63u2q3vm6BmYyGGfWleHXshfy25OpIRt5z9wKUiF4w85_FsHxQTK40wiuyYQpGcPphZkeE0kfV-ZQ?stp=s2048x1536&edm=ALXxkZ8EAAAA&_nc_gid=JTsx-oTf8B-wktZJP2OOkw&_nc_oc=AdnF_4mzaZO7xud3Xl3WSig3qhWbIrFlg6BUtXYusKOceLkgo5s1P_L7XJKsbq9G0NM&ccb=10-5&oh=00_Afe-dThNGew2hS0J3AgVwZBuUAxJtEdymLKGtPDkQMKLsg&oe=692B7A5C&_nc_sid=201bca,1550127486406,S0kbYi8VQ_WxGBZSOrY3Wg,41.905273901083,12.482623401109,41.218505859375,"[1.5533705140448, -0.42651997958442, 0.36205446568948]",0.81050832442877,0.0081370870359594,-0.031523579123013,41.905270667024,12.482610155345
966461024105585,https://scontent-ams2-1.xx.fbcdn.net/m1/v/t6/An9EGucF-FIS7zdwdGciV9cXcSq34KAQ-hf9vpdxBlL3M0IFhWvekWNjtCiFKRw96pN7dLyWyCAeKkqP0Pbgt3d1ovbrv1tKvVV_RoxU5LEVjjbuoqbi1035D1MEGkl_HfTEuBT1rJJDWyPd1RWYPg?stp=s2048x1536&edm=ALXxkZ8EAAAA&_nc_gid=rqFgUgwLDoUz3sLY9HKcPg&_nc_oc=AdliaWj8Dq8MxLxKcFng_yMp834hq7s9fGatVWq3iaySTbUSdhLsgin4FLj4L2KND6A&ccb=10-5&oh=00_Aff41IRbsSAr4Rwdk4s63Oihi52x4lL2-EnwQpgtbXFVFw&oe=692B9137&_nc_sid=201bca,1550127487523,S0kbYi8VQ_WxGBZSOrY3Wg,41.905280227281,12.482630743657,11.676391601562,"[1.5683395049556, -0.18135376802689, 0.082086641891548]",0.81050832442877,0.0081370870359594,-0.031523579123013,41.905277620948,12.482612303073
495547521866283,https://scontent-ams2-1.xx.fbcdn.net/m1/v/t6/An9R6ayxsNfdT1rYAh2RhEys05VeVobIsiSD_-ETfDVtQmC8_Hy2V7IeEEs4XHuYMyuOSnpG73sAFgiX-9OvafgR1HAbo-ehFsSmqjCO3AYPZf70oPsixJ4T1cOYu_QphF5oiC2i0QfOZEzQ2-MYXw?stp=s2048x1536&edm=ALXxkZ8EAAAA&_nc_gid=GuPNIBfBgAoNf1BHnW7GdQ&_nc_oc=AdldjlpXxcKQgIKZjgraueK8uwdV49Oa13zEotYdoGJYrr9ofoEkZWCfbSDYChMKyYk&ccb=10-5&oh=00_AffHybQQKjviKtW7saJBVGB9A38jdYYQF7zOhiGkdgbELQ&oe=692B74D5&_nc_sid=201bca,1550127488107,S0kbYi8VQ_WxGBZSOrY3Wg,41.905280227281,12.482630743657,359.57702636719,"[1.5388345898478, 0.18469675724001, -0.28113750821697]",0.79545138361837,0.015373283814288,-0.06393088435005,41.905285564676,12.48261255379
169439518322087,https://scontent-ams2-1.xx.fbcdn.net/m1/v/t6/An8jVUxXfItDZ2fGQK8n4SzC_MzJ3VlOaZqG99T60sv0PC7rztEQu5UP8TWWGJNo3ax-B-jiTG2HnopHbHl3KwWeeHILPeOlQta7ZIgMOWoX6ANuNlR1np24IvvUXOuW8EZwFZx0XPp_uVvLK061qw?stp=s2048x1536&edm=ALXxkZ8EAAAA&_nc_gid=XVrLawQqedrE5OE3gRr1Ww&_nc_oc=AdnGXNSu-jHw4H9k_z3kGb9C-DcU3d8cn2QDAULgk64oqFngT7HjECA5yOnsqFqmFNg&ccb=10-5&oh=00_AfdguCsjJkjfpJM9x1NPK8tUNungXPb6r26i0IcATtc_8g&oe=692B7D79&_nc_sid=201bca,1550127490951,S0kbYi8VQ_WxGBZSOrY3Wg,41.905307726671,12.482643539005,326.10827636719,"[1.6018537181762, 0.41226767727283, -0.58338565943511]",0.79545138361837,0.015373283814288,-0.06393088435005,41.905309337867,12.482589411354
461128378282276,https://scontent-ams2-1.xx.fbcdn.net/m1/v/t6/An8svLy3IFVM3nmAEltk-ExlZcp7wgsb0EVDS_xNQlZDl0buanh-OuOwDyRGFY9Z5gattGH4ZDmAdIjzN9S8Yj6T2IxD-0d__w0DNEhYh1ZCgniXbLvix4IhWLIFT3Q16qJ_tPjSqkI3U1cyyB7kGA?stp=s2048x1536&edm=ALXxkZ8EAAAA&_nc_gid=tK-NqvHAsGZUNwZT3oNu0Q&_nc_oc=AdnQU6BcpRwfPCYjiS8Z0HGZTxBerny8qozO3RORfCJhtPip8sGHrDt0Knakv_LlUMg&ccb=10-5&oh=00_AfcCXdIgWEfWqfvLQaxeAmYR-frSBA9JcmK8Eh8uMZ3jqg&oe=692B79A5&_nc_sid=201bca,1550127492023,S0kbYi8VQ_WxGBZSOrY3Wg,41.905314709101,12.482636473911,331.63385009766,"[1.5810854035698, 0.40092729601585, -0.52209508218321]",0.79545138361837,0.015373283814288,-0.06393088435005,41.905317543972,12.482582260626
324727249004618,https://scontent-ams2-1.xx.fbcdn.net/m1/v/t6/An9bDiy-lvUl_Mc9_d-owmp3frIOg7Wmw37w9ByBhDty2OVEZu73SwGpLYGx8bCGuzcSdBecxeGk9_tL3lPyfGUE15oHT1PY99J7CRVdpakiZUYSalRtOngu1NJ8O3qSbQG5YKL9RPpDA1BPZOUYaQ?stp=s2048x1536&edm=ALXxkZ8EAAAA&_nc_gid=ZBl2gtNI6BQKP0xe3uuNIw&_nc_oc=AdmVx4IQsHVvX0kAr-4TLqxrlfCBNLAAQsAjA4Hi654jxRJ3EaKnMH4V0tO1wmECma0&ccb=10-5&oh=00_AfdA_Oj9wLHElwQujaimiD7yc0UpFfJbmZnX6BlVfX-aGg&oe=692B7F6C&_nc_sid=201bca,1550127494097,S0kbYi8VQ_WxGBZSOrY3Wg,41.905301818593,12.482621854179,325.05651855469,"[1.5069632064299, 0.35484820945377, -0.65262612392892]",0.79545138361837,0.015373283814288,-0.06393088435005,41.905333889093,12.482566629104
466124827974984,https://scontent-ams2-1.xx.fbcdn.net/m1/v/t6/An8OYrk8geiB134_QrZh5ms-aYeIKV--pGC14fPo24n9VgjewjdiQa4hoHPuJFmv87qtE9B6ltXpUKiEreXdH36Sp6P9ll39qlOevcdyN0knxDzU1QzAEdP14UF1uKAGv-LHHlSVClHQ-OXMkgg3SxE?stp=s2048x1536&edm=ALXxkZ8EAAAA&_nc_gid=pdW8ug5bAlyLLS3vxIqjBQ&_nc_oc=AdmTUhWWn_5QUrj_6OdXtI_4JSpGpEtu-B6xfBpqabiRFkqHqZ-8qZlc1fXp94fyjhs&ccb=10-5&oh=00_AfdYthW6JcTgZscvjmCHzNfrBCuN2R-6fF8CZl1ubSdngA&oe=692B76B5&_nc_sid=201bca,1550127495421,S0kbYi8VQ_WxGBZSOrY3Wg,41.905317614622,12.482611988362,335.42114257812,"[1.6266218300289, 0.13783885607646, -0.24033140051381]",0.79545138361837,0.015373283814288,-0.06393088435005,41.905351076796,12.482561413665
1134724260363162,https://scontent-ams2-1.xx.fbcdn.net/m1/v/t6/An_oucwkiRO8Jr6IiY7TnNLYZcem6JovDToQ0D4aioM1MgRYULkAYAOIcCh_WmSiLtDuFdqJTsXh5Yz1rZITYEdYs6uIHSdjBz_PPYTq82EfsPeOxLSWHsqFu4-UoQHlgIHJ-QXCXHilFVjo-DzyOA?stp=s2048x1536&edm=ALXxkZ8EAAAA&_nc_gid=09kHy8lth6-6no3V4rEAFQ&_nc_oc=AdkiGN_DBQ1XynoHVBkRTDoI_zzxNULJh2KY0oa4NPjB3SX3mY0CvfpEVwHbuZ0V1k8&ccb=10-5&oh=00_AfemJ6kuUOudF2JFUJNC72Apibrv6rwN3qGOYKZTjhZDPQ&oe=692B74BE&_nc_sid=201bca,1550127498010,S0kbYi8VQ_WxGBZSOrY3Wg,41.905328726418,12.482615652701,347.05969238281,"[1.6294668291108, 0.2242627157902, -0.28449857631101]",0.79545138361837,0.015373283814288,-0.06393088435005,41.905381192925,12.482555894901
328469681986955,https://scontent-ams2-1.xx.fbcdn.net/m1/v/t6/An8Jacec7y9JgaORFMLsY0Jk8cjzrTOLJBsLe_EuZJbLKKqGnIw8mBTloJQp7XXlYHSWPtzF5MaYkbeNQSqwe2v556c8frmbk8ZxHTaDUX4c9IiJhFDtRfNMikVMR0ZP3OkJvrSDn-jgHVHC78UVqLM?stp=s2048x1536&edm=ALXxkZ8EAAAA&_nc_gid=wnJFlEpk07ymyGGmHUgsRA&_nc_oc=AdnpVCfPUpBJWox5WzwuzeKZKJ3sYYNw-prarlqwP10u57lt5EieQ4vOk5xLqhpM8ag&ccb=10-5&oh=00_Afc_0q5NzlgF6s1SeKSojUwrX669GkXwe-kv0hjZBYgIng&oe=692B6718&_nc_sid=201bca,1550127500093,S0kbYi8VQ_WxGBZSOrY3Wg,41.905340638177,12.482613424396,334.51904296875,"[1.6153856331473, 0.38777579539205, -0.43377816703873]",0.79545138361837,0.015373283814288,-0.06393088435005,41.905404763949,12.482543904167
2293035284162457,https://scontent-ams2-1.xx.fbcdn.net/m1/v/t6/An-3TWuxWTi1nufNvN7a5vjnnIUMYFRi9g9In95PXlU7k20kXWB3q9eew0oXxLDXTmGBkFfswS6NHr9Peh549_0YXggIpQ1WZ86or42RyJznlIPzuhQDl59PaGPGbm0NASoXzwniBs6KPBW1HC2-OQ?stp=s2048x1536&edm=ALXxkZ8EAAAA&_nc_gid=fB36vDAs97sFxS45_1NsRw&_nc_oc=AdmEEtU0zMpComUJ-Lggwq-BJR6INPKfscl8oGYGNE5mf6zVWvXTOfqv-sNm2MUWyfs&ccb=10-5&oh=00_Afez62W0zD2uzy_P_sLtPf9V4ljeAyvAICVrH-SolfVQHw&oe=692B6A8F&_nc_sid=201bca,1550127501094,S0kbYi8VQ_WxGBZSOrY3Wg,41.905348450814,12.482610416466,329.56915283203,"[1.5574035077126, 0.325867552232, -0.44448230688094]",0.79545138361837,0.015373283814288,-0.06393088435005,41.905417632719,12.48253560379
3920928914692367,https://scontent-ams2-1.xx.fbcdn.net/m1/v/t6/An9T-Qi6ZjoIPA_q6EBFUafOSL5X8B6phjchmJSr87ZlM1hEDaKqWU5OCT-VhBUVkPkLdZ5MG-zSlTjWwXJrTUjV1LmTYP3eXffAe9tLQG5o2rlFno-tobg5smVemqRRu6eQmN7uJEODsrY7SM6k4g?stp=s2048x1536&edm=ALXxkZ8EAAAA&_nc_gid=TmuqJtDFkpFZXtiIpybk0Q&_nc_oc=AdmbcvSbpZmGT5e_meu2WYsUYifVKAOFajSiV6WxCb9tL1bA4E_PwC1PNRjglTblrvc&ccb=10-5&oh=00_AfcVSN36DdL-WJxwmFU9X1EmZ6g2FYOa1xx4r0citUok-g&oe=692B8DE8&_nc_sid=201bca,1550127503004,S0kbYi8VQ_WxGBZSOrY3Wg,41.905367546602,12.482598506866,327.47668457031,"[1.5591848348126, 0.37130789308811, -0.46522365698948]",0.79545138361837,0.015373283814288,-0.06393088435005,41.905437763586,12.482524051022
199557365191327,https://scontent-ams2-1.xx.fbcdn.net/m1/v/t6/An8EZho01aYrnn-q1_MpkEWyF9xS0FftkbPukKXkW7KOmLSvVL7pvZ6MKYFSjZMxsaJg0J5Ks16yVB0coN89ACUK_2Ug2yI8Vh0fGjZbzsi3lKmv2Gi1eeh4GMmEF8TVwn0JTwUimUydUrujFUfCfw?stp=s2048x1536&edm=ALXxkZ8EAAAA&_nc_gid=HAUXgDo4_A2fFdtjS7Y6tA&_nc_oc=AdkWA0lDaegMhS2MFu5nWxpuxPneQYcFOwApW_tLMegqTGJMUNIJ0SyY5B6IIpywQ6E&ccb=10-5&oh=00_AfeU_oqZZVBlHEp3YusM14U_BsXuER0jzV0P1uPxQgijxQ&oe=692B8782&_nc_sid=201bca,1550127505053,S0kbYi8VQ_WxGBZSOrY3Wg,41.905387807368,12.482586048468,325.97479248047,"[1.5815606523378, 0.41338237935975, -0.45589355196938]",0.79545138361837,0.015373283814288,-0.06393088435005,41.905457907229,12.482508692991
2840323629551434,https://scontent-ams2-1.xx.fbcdn.net/m1/v/t6/An9RzRAOKTHzg253QMqrVVqYqIePKMxwIwwxJ70jiZytWlc1m2W8z3IJRIhLODRptR25r4vnj2f_Wl15KRha0-Uxf67eGKHzWUzNC04ULcrIMETbsDX_M5zm5RNDV2nbSn2V5FzE1596_5-SinYgrQ?stp=s2048x1536&edm=ALXxkZ8EAAAA&_nc_gid=uv-re2OAKepNln1X1fk4fw&_nc_oc=AdmHCTrTuszNnQ2zTYUP0LvAiiYoBGgu2UPbul2ItObnw8kf5tKtMeDtJ-QfuPDsvJ4&ccb=10-5&oh=00_AfcEpeA-GOHDC86feeIppERXT-QZf-USO4xkJMgRulgMfg&oe=692B8B1A&_nc_sid=201bca,1550127506062,S0kbYi8VQ_WxGBZSOrY3Wg,41.905396693074,12.482576097188,325.41003417969,"[1.5768972135656, 0.37724880525284, -0.47016699152105]",0.79545138361837,0.015373283814288,-0.06393088435005,41.90546942476,12.482497926326
586940699375179,https://scontent-ams2-1.xx.fbcdn.net/m1/v/t6/An-iXsIwbBiVevuxj-ITCG3NxPp6ToriBEukKcWSzhFAnkq23YfPudlRvQuYxBRJAL-Dhwij1P7d1TCDiAP-mYZ2ds2qi8slkt6ybtbhWYfXYU8pd2vG8MdtoQdZ65u0-gPhbkYlN2P2gcFZt3HjEw?stp=s2048x1536&edm=ALXxkZ8EAAAA&_nc_gid=_nXEn2q9bcfH50Z9GN2AKA&_nc_oc=Adl5LPiM_Ggd_rUL-hkrjEMSg6dPyjCylz4yGrq8MrX7LMDmGUp8xwQNO0JwlwAncuw&ccb=10-5&oh=00_AfcZSnGXQejROXnNbQxfDSfgi5aNUJ7tqvOsryDbwCQaiw&oe=692B6FE9&_nc_sid=201bca,1550127507022,S0kbYi8VQ_WxGBZSOrY3Wg,41.905405213463,12.482571379608,328.63562011719,"[1.5516588826507, 0.38623020660128, -0.49156611897443]",0.81800414257572,0.028981140083464,-0.04123256455586,41.905479678425,12.482489238953
816907915600490,https://scontent-ams2-1.xx.fbcdn.net/m1/v/t6/An8ZxiCrqZoVX53yXkzMZlrfQeTLHcK3tYJIcGEhpi7dbRms4sZ93RI5a3QRZfuGAmLjOUpzCUaMaGs6fmMnkA3Hfdy63mR-R82RPJjRTubflpBndkHdoooVrTawwlK_u0VS50lUOB3KPr_5rHT7UQ?stp=s2048x1536&edm=ALXxkZ8EAAAA&_nc_gid=hVJe6ZxN1O3ns6BODLZbrw&_nc_oc=AdkEh3QNzSvJzugy2LMCuW6oym4945618seDSxCBOfoF1K3xU7BJjlvORiGJV5bedAw&ccb=10-5&oh=00_AffK8qDbjXNf5hgubPhXK21GmZNxIqbFWymAMBvuWI8-Cg&oe=692B5F85&_nc_sid=201bca,1550127508029,S0kbYi8VQ_WxGBZSOrY3Wg,41.905423747051,12.48255129675,327.017578125,"[1.5397876221077, 0.42575043408395, -0.53862747446889]",0.81800414257572,0.028981140083464,-0.04123256455586,41.905488878007,12.482480180258
495174678468226,https://scontent-ams2-1.xx.fbcdn.net/m1/v/t6/An_zaS3VBOUR1NQOlI80CLAmpw-PW6LCwuCo6ikUFOpgqIPI8cF1GU5U-PFikxBkB7xvqtv5Z0K50qQwFk8-eWG5hrLGPRyZDwpG6DEq55VMsWSo3u7GarsLH1D1Avc0pwXmCvsgNBRsZ_g6g9OF7mI?stp=s2048x1536&edm=ALXxkZ8EAAAA&_nc_gid=UZ2x7WwUlyta9AFYTnax1w&_nc_oc=AdlUT5qMYBEPJETIcRkTaoyrPpcBQovamgyhbEu-pPhKT9s_BveGnXJD7Ddf74CCWmk&ccb=10-5&oh=00_AfeUw2sEZy7IvJVOPCZzuBKHWuUovdOQotmcaMurFE0Niw&oe=692B72EA&_nc_sid=201bca,1550127509055,S0kbYi8VQ_WxGBZSOrY3Wg,41.905435399265,12.482538759273,327.67785644531,"[1.5903020813433, 0.4284307783221, -0.50739055448801]",0.81800414257572,0.028981140083464,-0.04123256455586,41.905499263035,12.482470979174
920475878809030,https://scontent-ams2-1.xx.fbcdn.net/m1/v/t6/An_uGt7pEJS-VgS82KIebwbtEMoPvC25ZFab02e22e36-lPnQY3zRZWggHYHTOc4xs-oOop9qbOj4SVl7JvMYD2KIO7RqKjfcVpDdStVOTJoP5HOzvMejQJ3jOr1rW-saWHBbefAulsSM3_z8K43HQ?stp=s2048x1536&edm=ALXxkZ8EAAAA&_nc_gid=44sWJroNvKZO9GiKgH7a9A&_nc_oc=Adn1cd95W5Yxw4zpglYNd7pIcBDBEn10Z7dCwR900hCMDA9rRBUZj1_972xZeJQKl7c&ccb=10-5&oh=00_Afe6JhM3BjEZstm1Kar1FENwAM-b_OHm4__IhF6uy_5dNg&oe=692B6F3E&_nc_sid=201bca,1550127510041,S0kbYi8VQ_WxGBZSOrY3Wg,41.905460234957,12.482534055877,326.46142578125,"[1.5540181894128, 0.38532144924485, -0.53394014080593]",0.81800414257572,0.028981140083464,-0.04123256455586,41.905509032695,12.482461902843
1455826301428213,https://scontent-ams2-1.xx.fbcdn.net/m1/v/t6/An8mRHl43-4gOmTI9KmEGnCXV3weuXr0Jlxhu15H6rg5MZ2svwhDBS-V_c27dl0SszWxYZOC2s6x7lMuPqJ0rr-f3Jf539nkDLvAu85KD1gnx22DqLpmiyZ8JszgQOuEyQlScxicVBcumq9oRe5Vcg?stp=s2048x1536&edm=ALXxkZ8EAAAA&_nc_gid=0XSxFT1tmrSoYqcsndRu6Q&_nc_oc=AdleidpgPTLTFpYZPLJJwzwJbAgHMo1xTxkW8t-TxHDFaFpgNCW_LfIMEZ1jU3bnP3E&ccb=10-5&oh=00_AfdzfKsBkZGXhm_PGrXhBoEFja2_QIpwtZyfcOsEzFh_lQ&oe=692B7623&_nc_sid=201bca,1550127511058,S0kbYi8VQ_WxGBZSOrY3Wg,41.905470376746,12.482524086397,323.68914794922,"[1.5224427934962, 0.39401852985199, -0.49791994918417]",0.81800414257572,0.028981140083464,-0.04123256455586,41.905522223009,12.482449700593
469291057680737,https://scontent-ams2-1.xx.fbcdn.net/m1/v/t6/An-mgPMAc6PhF8GMlvXzo3fnXw1VJuUdXIO1dmx9LDLfddjmg8cFO73jtlgMUYvHD0_cWwAfH3_oH7c4f91uxwdbAO-LUnfaZ3pkAHsx1CGqRLgfpWSmnx8vQWL5u918F3CWqKjXIZjfptBWRG9x0uY?stp=s2048x1536&edm=ALXxkZ8EAAAA&_nc_gid=kz0629LnsZuyDp8DYXT34w&_nc_oc=AdmEAALaDn9_pOEGMnONN5K01YgMCNsBbxShB8Hz_Z5NMBQpRGgGQDeHOers9jqRW0U&ccb=10-5&oh=00_AfeQON-eGsrhF-rIssZzrUbi_aGdtsBVm5VcoKLfqMKVqw&oe=692B769B&_nc_sid=201bca,1550127512084,S0kbYi8VQ_WxGBZSOrY3Wg,41.905481103525,12.482518701375,322.67108154297,"[1.5542931078292, 0.40712136285174, -0.5097885240971]",0.81800414257572,0.028981140083464,-0.04123256455586,41.905531999153,12.482440603742
375069670520532,https://scontent-ams2-1.xx.fbcdn.net/m1/v/t6/An_OTQucQ1H2PzCagLJBTp9NZ_F9Coh26d0FohxDC0ZPsIVV1P45WoPzDnS7wcGHvXvlh5S77McTrYGjZR7kqrKazXHg9m1bQsiuHENWLmi8Q_XW-n0ww1PVp_rNDbBTs0__dhG2MdKHdPCoKuVI6w?stp=s2048x1536&edm=ALXxkZ8EAAAA&_nc_gid=wKbkTiwpJCqliBjv2KXxuA&_nc_oc=AdlRU6N0SrjlINkqiYreUQO1JwY9k7psIpXN3c75EI_oQ6GAnsZ_5CnGigLsmY3ouBk&ccb=10-5&oh=00_AfeRQOKlKNUdAi6e4Mfa5z4QuaDKF_M0fsQeSzKBVnU2Pg&oe=692B79F3&_nc_sid=201bca,1550127512999,S0kbYi8VQ_WxGBZSOrY3Wg,41.905490056565,12.482512069058,322.62176513672,"[1.5753085550087, 0.42678661463836, -0.54297291498519]",0.81800414257572,0.028981140083464,-0.04123256455586,41.905541146263,12.482431839571
196746412270325,https://scontent-ams2-1.xx.fbcdn.net/m1/v/t6/An9pRHpTgZQIYXcvbovwDCg_jq4vUHpF5DQv0vNLm2t4EH8uwBSp-P4a71cGxblv_UWFaPCC5potxcLtxTTIluIwTVWADvPftKlEvdbo0-rlG_Ejg7c3uj85M-2EvpIeubLZfEW6gC9iHhpfCUo1rQ?stp=s2048x1536&edm=ALXxkZ8EAAAA&_nc_gid=G0fv_YkBXLHtLde9uH-o3w&_nc_oc=AdnoTfgZaIro4RWruhuobZm9Px0a5-hisY6v0psceKwlSMCofjqr4yBsjRhgjWgO9MQ&ccb=10-5&oh=00_Aff7of6OhtRwIQuptxkA4TnYhiajExwieBVxXX5XWVQqhg&oe=692B8115&_nc_sid=201bca,1550127514065,S0kbYi8VQ_WxGBZSOrY3Wg,41.905520190575,12.482512026446,319.84759521484,"[1.5326583935339, 0.43943448910142, -0.53049550617745]",0.81800414257572,0.028981140083464,-0.04123256455586,41.905552202954,12.482421771184
288722476254463,https://scontent-ams2-1.xx.fbcdn.net/m1/v/t6/An8hBAOEOU9-SnMi_4AwXUaFPCOCYlcfGaYZLPlzsmFuAHCB4XfVST5PYtQtmZvbaYG8utn1zeHJ_hH6ZT3Td-u_i4QZVRtHgx4SrZH9cDzdSg3sb8eYmhHarpG-QxwTPZ3BZ04mLSyvfMxgf31dSQ?stp=s2048x1536&edm=ALXxkZ8EAAAA&_nc_gid=gJLjldG13CPKaMtSo0OLCA&_nc_oc=Adkbxt3royyY02g4Dl_2HLJlFr_F6tfZotzgeavL44onB13iR7MPj0bKtttUmguk9BA&ccb=10-5&oh=00_AfcWMSK0YUR0FXZYByzzxF4AwHa_4kO3Ihkk1choj6FHzA&oe=692B7029&_nc_sid=201bca,1550127516035,S0kbYi8VQ_WxGBZSOrY3Wg,41.905540359145,12.482497445766,318.74432373047,"[1.5325833133694, 0.52743171200533, -0.71985291385444]",0.81800414257572,0.028981140083464,-0.04123256455586,41.905572103175,12.482400226538
598112378251733,https://scontent-ams2-1.xx.fbcdn.net/m1/v/t6/An8S14pWKNupHSjxbyO1MD3jfvUUd1LjGtMSBoc-y7H0HbSAvsfwafvj65MixcBprzlnHP26UTtlgKOtaKEvD4mh24vkhrHU40Fm7pHWWD_qhYX3jFKvMahZSkqWXH85M3qTX1NrKMz9-Qhl7r6dvik?stp=s2048x1536&edm=ALXxkZ8EAAAA&_nc_gid=gJF5W2VF7jE7dk_28FlG3A&_nc_oc=Adla6UImjPBZ_4ctKzDRmCYQlFdbFjDg-X4FezgDLHUnT6TnKQVKqNaqeav2LBBqIII&ccb=10-5&oh=00_Aff9VhIwCZ-95ENI6feOQVtWIalzUzc5YALTz5p9U9FRBQ&oe=692B6807&_nc_sid=201bca,1550127517064,S0kbYi8VQ_WxGBZSOrY3Wg,41.905552867255,12.4824863396,314.24914550781,"[1.5007591888322, 0.56696857330112, -0.70715870198381]",0.81800414257572,0.028981140083464,-0.04123256455586,41.905581319693,12.482389552633
762142218000244,https://scontent-ams2-1.xx.fbcdn.net/m1/v/t6/An_VClQS3RbRaTsEVZnC7Rg7y2vMt4Aeg7MXr0Vk--cVSs33jf2aBAorCZOpsNTteF07Dl1gA8SRvUQKfecw-y1g7DIVUNSgbCqYXM5CeFjdhGCp1x0B2P8pESWvsvNekTXdZUlhD-KH9bphEGZgnA?stp=s2048x1536&edm=ALXxkZ8EAAAA&_nc_gid=uiNYGvEtj2KvDXMbQFIuHA&_nc_oc=AdnwHZGa3ZtcfFW8_sa__zMcCfO9MMgIhps4Q5lKLccwLBklVfRB9PVjwyxH4COnASo&ccb=10-5&oh=00_AffL3v1URO6GBz3a_MBAQhDaDo-MPCCQOyGXMYm8q996AQ&oe=692B84C2&_nc_sid=201bca,1550127519089,S0kbYi8VQ_WxGBZSOrY3Wg,41.905568219231,12.482458344099,318.94000244141,"[1.4930736822322, 0.41846917190269, -0.59287391706572]",0.81800414257572,0.028981140083464,-0.04123256455586,41.905600988892,12.482367716749
2922357204752654,https://scontent-ams2-1.xx.fbcdn.net/m1/v/t6/An-WqAxPqN9hf5V2O5ajHInB7-tRy0DW3MYpnTq2hVx6_Nh80ITajKgmLJxBPYF8BJhYfjnv94-1HSc0QsIDbcMW6qII5NNU_4v-2b8QPBrYeULxM7Mn4mnS97txeN5cZVcmyU1EjxRtzwUPvCtyKg?stp=s2048x1536&edm=ALXxkZ8EAAAA&_nc_gid=3QBj0Ntqnrb9PkRPxSc2ag&_nc_oc=AdlmL64_ZJfFxqFSuAh9XIbfVHZJkWW6BkN9MtM8B5Fj7ZCksnYRlNkOBlIULebsDrk&ccb=10-5&oh=00_AfdrjsxKO2FNHbfI-cR1amvMSLRIXzzkQKj8JRc0KQ-agQ&oe=692B8DCB&_nc_sid=201bca,1550127520000,S0kbYi8VQ_WxGBZSOrY3Wg,41.905581437301,12.482436063067,318.20574951172,"[1.5324710702378, 0.45006301207434, -0.58446504216448]",0.81800414257572,0.028981140083464,-0.04123256455586,41.905610555661,12.482359409027
1124747658033783,https://scontent-ams2-1.xx.fbcdn.net/m1/v/t6/An-CuwwTsOvMHvWHREB4khouQ6KJHQW-UbaIRyODsCBvC4xVckNEFs7u86XA2S4wgkofdRmM486_hbuesjVZI5ukf78R_3GbqI1AHNADs6pSAg1YRDoCMJdCtcaFcZtPPxf1cfswGIPyIsQtwL7a5To?stp=s2048x1536&edm=ALXxkZ8EAAAA&_nc_gid=eEhCXxehuQq9wzG8TTm9sg&_nc_oc=AdkCZxXT4eR7voXubM-2YrMgRdANn9we468cdEsZlTIFuwhcLkJA1Od-yNmW4w7yjKs&ccb=10-5&oh=00_AffDnbskfCRpmrBrk53kNWvtEV7dg1iPC_-P5TajyCtBUQ&oe=692B6AD7&_nc_sid=201bca,1550127521090,S0kbYi8VQ_WxGBZSOrY3Wg,41.90559040051,12.482427330808,317.34155273438,"[1.5364074244973, 0.46187626326965, -0.54264904919328]",0.81800414257572,0.028981140083464,-0.04123256455586,41.905621577134,12.482348890598
581576559484203,https://scontent-ams2-1.xx.fbcdn.net/m1/v/t6/An8qjmkPRw5W5_lDnUhGD7Vbg-iLEkt_h62D_dZMD8QQRBAxfqO6GByHBYu0QwMUoQoNtc4TrawYlAy02X33V3QmTMzT4W_AC_flNQldHcl9dn4cSKsELlgzIBuwpxrCXFXgwyel74v2NylV-ETgww?stp=s2048x1536&edm=ALXxkZ8EAAAA&_nc_gid=eD-flwlppRRxqYWnV8ntbw&_nc_oc=AdmiXXXZu4JIRv8AZ4-4NOH8YPHlxWvfhRgQj2wEea6s1Si6HauHwxyIqU5ADManjXk&ccb=10-5&oh=00_AffmerAKnAD3aEzYL398tWI6Tqe5-JmyHy7IaLBGXemzCw&oe=692B8C7F&_nc_sid=201bca,1550127522012,S0kbYi8VQ_WxGBZSOrY3Wg,41.905598386725,12.482420278795,319.44451904297,"[1.4931066155228, 0.48764309257352, -0.52383017737176]",0.81800414257572,0.028981140083464,-0.04123256455586,41.905629176777,12.482341906511
4040014482748741,https://scontent-ams2-1.xx.fbcdn.net/m1/v/t6/An9K7yh-MPhND4JSPx7dB-wswuJCZVRenT3Cgz6IbiPu1qxdTJxdfp10FGywGGLvJ_jiylqOOVWkPrSP1Ybat4-m-hWOnmOHfnDEwWa3otbo9I-Ddn5LpsuR0SZE6-E2z4frBUqOY-9T2wyg1PvTBQ?stp=s2048x1536&edm=ALXxkZ8EAAAA&_nc_gid=HyJeW_mI6BjKwKk5GdFDTQ&_nc_oc=AdnWJLx6WcbEjQkoO8F7G2apyZ45aY8wiF0wZfy5DgZiHCgJoCSIFHx1tYt51XtVn1g&ccb=10-5&oh=00_AffWk-WfFRsDB1E2MAvVDR-_OOW3BdQ1sSrhHe2s9Ohduw&oe=692B9487&_nc_sid=201bca,1550127523029,S0kbYi8VQ_WxGBZSOrY3Wg,41.905608661598,12.48241055966,318.36242675781,"[1.5238226963236, 0.45474907269108, -0.57635577851084]",0.81800414257572,0.028981140083464,-0.04123256455586,41.905640847642,12.482328202213
1873006279565335,https://scontent-ams2-1.xx.fbcdn.net/m1/v/t6/An_OJpMZikchr34zKYh5_W1AYs2zaaWO8lKwteInoTx7avw9i8e_cy8MxJ8gpOwK8_1fL0pvrdoNCbHWnvGzE8JdhTayRxwjnb0M0Ziw-HByKw60nyNQqOvz9Cj6nZBbzQYPlezvplKej81cg3-LeA?stp=s2048x1536&edm=ALXxkZ8EAAAA&_nc_gid=x8QDNf6jPQB9K3eP1ByEAw&_nc_oc=Adna7F0Q6HlN4pYhD6mQGK__0zrQjl4lJGp--M-ZXD_lz_i5l1K2iz3CI4KdaOcxSoM&ccb=10-5&oh=00_AfdX_V7yfGB8O30kIH2shqA7qK3Pct08OJoiiP9tqkb0Rg&oe=692B724E&_nc_sid=201bca,1550127524057,S0kbYi8VQ_WxGBZSOrY3Wg,41.905620425348,12.482389350223,318.12554931641,"[1.4772432206135, 0.52014846196157, -0.62785017789555]",0.81800414257572,0.028981140083464,-0.04123256455586,41.905649619913,12.482318160974
1060345244496307,https://scontent-ams2-1.xx.fbcdn.net/m1/v/t6/An_vPJ7vL0DMhhVRmtunANXHjNMtbVjfDIfib_DMuePRduJfMP_jH6YahfWHKUVQ0qn9HBv3JhufRLBhVpiRa9h0ZYzrgy9_qZL5ZDx3HX1ssfpQrYme4m084b1sAk3mvJ1BaOu07yWJAeeMG75Kv28?stp=s2048x1536&edm=ALXxkZ8EAAAA&_nc_gid=fo07dKwv3rWrTwf-zB6xlA&_nc_oc=AdkKPolQlXQVr84F8JLZnbucxA1LwbCuGFCrjC91prZ-fzPJvuitdfkzKXf0m8LosEw&ccb=10-5&oh=00_AffevcrvvQ2MSzTf1MVB3ItQcfFLLnJlsmSMlqCllVacHA&oe=692B7ADB&_nc_sid=201bca,1550127525059,S0kbYi8VQ_WxGBZSOrY3Wg,41.905628647266,12.482383072606,317.04382324219,"[1.5115332564747, 0.48895461598131, -0.58045958130621]",0.81800414257572,0.028981140083464,-0.04123256455586,41.905661130304,12.482305690214
164839588899374,https://scontent-ams2-1.xx.fbcdn.net/m1/v/t6/An_TkjD-s8dHtNT4LSrb6J4L7Fi7Y7J8OY-8nz4Lf7IVrt_vHHcaQA-un_rnlpMlQDNPUML3J63Agtj3_Xpi74nJ-lx1dr8anWvsyfUofjKy7bpMEPBbXb1D8i88lykmB_1qKBuqvt-9mky7iNgETQ?stp=s2048x1536&edm=ALXxkZ8EAAAA&_nc_gid=bemLgDP1FRjtqHwooj6JjQ&_nc_oc=AdmKgAYJiFeCIfBQjiy9X8cqmhbUjEOJYDvF-xdithLhMqHpcJY8e7h07M9I6ZjTyls&ccb=10-5&oh=00_Afc0qyaCaWaeJul4TdrPE7zaKVyUdJ8xEJ9CXROD8v27xw&oe=692B6D81&_nc_sid=201bca,1550127526086,S0kbYi8VQ_WxGBZSOrY3Wg,41.905636311361,12.482375977954,316.16564941406,"[1.470933124204, 0.54845033177929, -0.63431196770571]",0.81800414257572,0.028981140083464,-0.04123256455586,41.905670869835,12.48229392055
487620915775365,https://scontent-ams2-1.xx.fbcdn.net/m1/v/t6/An87UYbXZfzguvbInoikydbOQGhnWBHQEu4_7romW0Urt15J_DVwFb3jBYEDJuNytIaJwf1MBgiSG3JqIo25rvFU0yO_gxFGJYFlRiqsXRiagw3wiN21C743MesyVx6GUAojQyOilhbz3QqfZY8IPA?stp=s2048x1536&edm=ALXxkZ8EAAAA&_nc_gid=k3ZiKWshdwIlhPGRA14DWw&_nc_oc=AdmlM3HYQQvz7vjKOUYSOOJ_XwC_xsSAzf6aP10EMAriX9sztDbx-2mIQ73xvX8GuEY&ccb=10-5&oh=00_AfdRgjSwDwh-OjCeEX9o50gBi7bvgtvFLKbEbjM-MsG6lg&oe=692B7819&_nc_sid=201bca,1550127527027,S0kbYi8VQ_WxGBZSOrY3Wg,41.905652206338,12.482369663345,315.79052734375,"[1.4759914846981, 0.51635099968116, -0.60589188823744]",0.81800414257572,0.028981140083464,-0.04123256455586,41.905680326798,12.482284117713
474642130420803,https://scontent-ams2-1.xx.fbcdn.net/m1/v/t6/An8ZFaqVVFf4hvLO9u905YRXiFf7svatYj1fiVeZioozIjtnR_e8vba3zVeCE8H8TuLk3Y_TUTThaZiJflnf1EhvbXxGt6f-gS-CNNVyxLvE3Jb4NBLeIBXOhoj1LPWkeexfrajp18vLsNdFK0Sjfg?stp=s2048x1536&edm=ALXxkZ8EAAAA&_nc_gid=XBjfi2yc3FNg-E0EplSACQ&_nc_oc=AdlECDKazFm6wgGvNTIeAAevjk94RihNs7z0r70aYsczR-OVbmN2HZpB3HLS8-dEGDw&ccb=10-5&oh=00_Aff9YQa0hi7qd5KFQsCALNRmzUNUHDhIdTb-boL7kJNhqg&oe=692B7D1D&_nc_sid=201bca,1550127528050,S0kbYi8VQ_WxGBZSOrY3Wg,41.905657213647,12.482352653177,318.27789306641,"[1.4566174340812, 0.51140179850648, -0.58960394725219]",0.81800414257572,0.028981140083464,-0.04123256455586,41.905690325048,12.482272837393
301251801503991,https://scontent-ams2-1.xx.fbcdn.net/m1/v/t6/An864g0TUqL5ljs7dS2CnqTbjHmgjp6aHmsOchrqcsHWm9nhmny3SLurUBERm3dJpGngTlKjCWM5GiHy8qUxBKlgJo6a7pPcJGG1qf9D1EYo7TOJESVJcYQb3TuhLkjcp4ODRYQ29EJVSIyT1esPpA?stp=s2048x1536&edm=ALXxkZ8EAAAA&_nc_gid=XdPqwy733lK22FuQ80IUSg&_nc_oc=AdmFlAlNgPfZd8sKD_TLYLAxghsJEZyeC4IvMBBGzZX43aAfTUfbv01FAhfWnsIzwuI&ccb=10-5&oh=00_AffpoaNUmkh9LN0mHbpaDoOt1_5bc_VCYDJY8oELcIUw0g&oe=692B7641&_nc_sid=201bca,1550127529030,S0kbYi8VQ_WxGBZSOrY3Wg,41.905667541692,12.482344601974,314.59747314453,"[1.472738267774, 0.52655071367623, -0.6127357050178]",0.81800414257572,0.028981140083464,-0.04123256455586,41.905699438445,12.482262111619
1187290888379768,https://scontent-ams2-1.xx.fbcdn.net/m1/v/t6/An_tIiY7K7SoHXGLxWBBf2WcGhZhZKScp9kf7gnh764-XRotLFKwvGCSYwjTVDOiJRuXKA0vZhyLfvuVT9xL1za5PzEfXXqIyQxnPP4fJC0WYkfgIybYgjqItTCKVstCLREAo_QZpT5SNIkbOkcWIA?stp=s2048x1536&edm=ALXxkZ8EAAAA&_nc_gid=hsQn-TyYdtD36unCTmibjQ&_nc_oc=AdlTUywt8BVF3_AY_KQKaMupQl-ZMAdkgTzr8axj9kHWv9hD76xpdVl4qEAGTKZ4HQA&ccb=10-5&oh=00_AfdZmQv4g7282wQR8T0CfJ0iFzOKJN4_zxZn9unEjI-F0w&oe=692B6EB4&_nc_sid=201bca,1550127530036,S0kbYi8VQ_WxGBZSOrY3Wg,41.905676920254,12.482337533957,311.4013671875,"[1.4855581533071, 0.56294579141432, -0.6318001437335]",0.81800414257572,0.028981140083464,-0.04123256455586,41.905707939398,12.482251114404
317123973111603,https://scontent-ams2-1.xx.fbcdn.net/m1/v/t6/An_hkuAQCLyAta3ZQB5jn9jBI5LMhefmTpYJb14SbVTcu1tm0Yayslo7L0mjLMzpElG1TxoSGOjel6iopJ7jQOQ0g2dRofNkhCOrB121QZLkw19z3uRNeQGAv2YrTSEcmOZgXmyqke5md9HeaQtc9g?stp=s2048x1536&edm=ALXxkZ8EAAAA&_nc_gid=FzZV1wlCPgZHMB4PpjYb4w&_nc_oc=AdlHGzGJ-upYJIPcm_MZXRBFKUs1wXQYoqHCRz4aCMfFUQOvyj9KH-_AFH12QBB9uls&ccb=10-5&oh=00_AfcU1jZ1g2XZVnDolzTcsC5hOFQMzplzovFY59zcNPGAjg&oe=692B93C1&_nc_sid=201bca,1550127531007,S0kbYi8VQ_WxGBZSOrY3Wg,41.905688618097,12.482335995476,315.03454589844,"[1.4946104709919, 0.50078450953487, -0.63290699574143]",0.81800414257572,0.028981140083464,-0.04123256455586,41.905715673266,12.482242712515
303564577924793,https://scontent-ams2-1.xx.fbcdn.net/m1/v/t6/An_WOAplx2YgBzqnF_qADdnVdZhYMa69YuyBsIx-SbiscXEQFm8qEFw1fuZzk_JUZkBDVBzGjKrxXlHAPC3HZA70_WXAJ24mTH9ZMRGfh87NsEPd2uvFtM4fCnG_v1c0y36ogfjSOHOnbVWJybtqDsI?stp=s2048x1536&edm=ALXxkZ8EAAAA&_nc_gid=7c6s5GWt8sifGjvahwhKrQ&_nc_oc=AdnS48BQCoJNLy3kVVIEdQZnCWSytdHsu91garKEcNo8MdvcfI4oEm4OG_i8keE8iKo&ccb=10-5&oh=00_Afee2NIj1Vq7p0y_gCuJOjVO8x9L7ZLhFz1W6iBSmq7qcA&oe=692B96D8&_nc_sid=201bca,1550127532019,S0kbYi8VQ_WxGBZSOrY3Wg,41.905699181018,12.482328014445,313.83386230469,"[1.4902453137096, 0.55066666764218, -0.6508207903908]",0.81800414257572,0.028981140083464,-0.04123256455586,41.905726473593,12.482228649316
3957841700967474,https://scontent-ams2-1.xx.fbcdn.net/m1/v/t6/An8JlbaM6WUCF78v7E2pQYEjmbFhyANs5wfqKbuzos0Fu-GIxvsneoYscfEbD1Iq-oTDtHFDTmfvJAxAONU0GstXIvK8rQl8Ss9jmNZtSXRRM9Rw71Xmw0KhaPrJRuiK_jdlUTVgkJ-U16fdJsEy9Q?stp=s2048x1536&edm=ALXxkZ8EAAAA&_nc_gid=hWu7Pd19tkTSXdD6qLuuvg&_nc_oc=AdnB-GYFNfr3pIK_lYmCMfwJw3KCQsLCjKDdV8XScx74Ab-u1r1PEskOMPh4Dupbmz8&ccb=10-5&oh=00_Affu3jzbt-wcsFHp1Su99Qe6W29J68KTZH_A0HCJ1Y7M9g&oe=692B6054&_nc_sid=201bca,1550127533017,S0kbYi8VQ_WxGBZSOrY3Wg,41.905709123908,12.482322222895,314.99890136719,"[1.4861588050847, 0.57007998168323, -0.67487180272888]",0.81800414257572,0.028981140083464,-0.04123256455586,41.90573511946,12.482217500586
149050590566545,https://scontent-ams2-1.xx.fbcdn.net/m1/v/t6/An8s9Lb3ZX4sVPcpB6bLo6RAmK5THxOzF0sQUa4Ql1_snj6b-kf9-weXxnwfkUS4hQPjO1vP5Wn-0oKLPBJZKfrhsCvD5MszdAfiSoMWDAGsMUPIgsnvTwu1z1KLbCVHhB1XqVFdw1vzbP99XOCzbA?stp=s2048x1536&edm=ALXxkZ8EAAAA&_nc_gid=ZB1fknRQKBRCFzctHXg7zw&_nc_oc=Adm1mx1fjSnfHO_q8HvKkmBrlFVVJNL_tUPzNq0uFjKXtfhOjAxKAsdkGVMGKyD8dtU&ccb=10-5&oh=00_Afeg6JeX7vxJwNh4wwPVHJD91SU1Ewrdu1PKjaXJt4d0-Q&oe=692B87AE&_nc_sid=201bca,1550127534023,S0kbYi8VQ_WxGBZSOrY3Wg,41.905719242383,12.482308573073,310.78753662109,"[1.5223485843202, 0.63109560198453, -0.7023426853277]",0.81800414257572,0.028981140083464,-0.04123256455586,41.90574356178,12.482205063466
324466852430700,https://scontent-ams2-1.xx.fbcdn.net/m1/v/t6/An8TBFwDw5WOko3cf5bj32BG-BM-RreLbC1iAVx97jgvnTut4fHUu_ttY27SGP22VMF0dPza_wbLvHJyNEeSaBm1RrstfiO4Z85qKAvuwITMLLtG4kUPKkr2Xo-vV7-qlcIkmzkgWztOjK9hXfN4eso?stp=s2048x1536&edm=ALXxkZ8EAAAA&_nc_gid=PCyjtetiQuH9NTbYuqDIAA&_nc_oc=Adm1IaYUftKyhKrMcvIfh-iDepF7jv-r-JjHeUizx9VuN7-ZDibulqGt83FIHbPZjGI&ccb=10-5&oh=00_Afd1TJONp8Fkp00qEb_w9Xg_lPTYDcBFbjmz0m0WAICDgg&oe=692B5FE7&_nc_sid=201bca,1550127535095,S0kbYi8VQ_WxGBZSOrY3Wg,41.905729244043,12.482295421742,311.79858398438,"[1.4978951221233, 0.51553666469165, -0.6462015744566]",0.81800414257572,0.028981140083464,-0.04123256455586,41.905753748505,12.482192242938
106292454876896,https://scontent-ams2-1.xx.fbcdn.net/m1/v/t6/An9Qkae_CKzUiOIp8vcVBwhnPH-zNCv6LQOJzKFPWWkYShhJ2zNv7sKpDiJbOetmkVX2m9TI3tEWMqXGlcuZubds5_01TwFKRuVhnDWf8ybehJVPy4EF-0hUVx0uCOp1QdxjlRyAOfh8j1vwQzmzTw?stp=s2048x1536&edm=ALXxkZ8EAAAA&_nc_gid=f_E5GiAD0-HUmZvqMhOv-g&_nc_oc=AdlzayL3CHFU2Zn62igXyVeIZAxHJOg361rcGCfPb41eFk2-8ZbeT2rf27PbxFoDvXs&ccb=10-5&oh=00_AfeI_qV-2SGSAJwXoDnprzpDNmtvnyAZAv0Csbt-FWQyFg&oe=692B68E5&_nc_sid=201bca,1550127536059,S0kbYi8VQ_WxGBZSOrY3Wg,41.905737992698,12.482288443585,317.79663085938,"[1.4787216679295, 0.50813714925395, -0.61305251219443]",0.81800414257572,0.028981140083464,-0.04123256455586,41.905763005994,12.482181819849
174480551218092,https://scontent-ams2-1.xx.fbcdn.net/m1/v/t6/An9MkHXb2LaAOS3rWr_FyhsLJuryskEmUhzkO_l6TFw715DaPIE1vkS4nxgCKDBi9MmsoGftXAPIGPt5yKbAZe6PNdPNUvoUN0vxxgS5n0YPLO4keZBw4GdYdTZDAQdazY1KjaX-6pcxc2BoE1eIeA?stp=s2048x1536&edm=ALXxkZ8EAAAA&_nc_gid=UrTglbML8veWJPvnS_KFLA&_nc_oc=Adm52IQnSbMj5vfRgGytRjwi2cpY6VpYkQkeFLhljrUeM2Y7cdVmW7w8aNz6_bCUcNs&ccb=10-5&oh=00_AfcIF7208ALXYdgoObOzhF40XJa-4iVACq9yeurAeH5oIw&oe=692B6591&_nc_sid=201bca,1550127537110,S0kbYi8VQ_WxGBZSOrY3Wg,41.905751660289,12.482285523503,318.517578125,"[1.4675880457647, 0.50871533344587, -0.61158071625882]",0.81800414257572,0.028981140083464,-0.04123256455586,41.905771768599,12.482170072569
1385441325146397,https://scontent-ams2-1.xx.fbcdn.net/m1/v/t6/An8KmwjIpDOFB-bum3PZA62EdVGriAJN_SNfNaplF1Ff2yxwVImqFk9lCuz5PC3PDUMNHLlSwImeVg2Vh4RnOcYbgcHeB0Xl2fzlANtypF9BVbxQcqTOS-Kqth9gzH7bxed2Qv8T_i6MdR2ZlcATWw?stp=s2048x1536&edm=ALXxkZ8EAAAA&_nc_gid=qEVYFy4VFyMMmKuoSUkZ6A&_nc_oc=AdlQT-LyEQDgELrhiROJzc94zysf5w16ttqmXkn-2VrJMtKgkdC_xfU7xi-mPWWemFM&ccb=10-5&oh=00_AfeouJatakddiHBxGvrARRy-56t5B-ddslox8MvPXRYUNQ&oe=692B8C30&_nc_sid=201bca,1550127538016,S0kbYi8VQ_WxGBZSOrY3Wg,41.905763518362,12.482280725698,310.43212890625,"[1.4274459534453, 0.57995988995797, -0.66253346905972]",0.81800414257572,0.028981140083464,-0.04123256455586,41.905774774877,12.482165315567
260933419102289,https://scontent-ams2-1.xx.fbcdn.net/m1/v/t6/An8tzxE-sOCP5-P98wddnxJ_pCAsE1IIQbdvNUPn0sTpAM9KPNYPqAt2zkpHaa8bX6yS-sbo9qCnZ9qlSOU5tVGr3EL9SMA2Gmv79rV6ejaur0kBASQ74cjfd_OrRdXWRUod3Uie1wntVxvQ0t842wA?stp=s2048x1536&edm=ALXxkZ8EAAAA&_nc_gid=5UarbIFmXoSMVtUgN1QmgA&_nc_oc=AdlJZ_8-DCgTix7YBxY9fEU3FBKinKEfBG1fpl6CdKi6XQJMUjm9V0Ifagn1OtWHtJQ&ccb=10-5&oh=00_Aff_RiCVV760kUomHogPcq4X939xRN0bM5ERxjCSzWTSUA&oe=692B7404&_nc_sid=201bca,1550127539034,S0kbYi8VQ_WxGBZSOrY3Wg,41.90577359982,12.482274488624,305.53845214844,"[1.4855835744178, 0.48804373496302, -0.67829131327132]",0.81800414257572,0.028981140083464,-0.04123256455586,41.905787973926,12.482147191582
930951020780788,https://scontent-ams2-1.xx.fbcdn.net/m1/v/t6/An_XRjP98bp8sUvf83JHWX0Xwe_UbVYKkwXJRotDnq6uUY2uZHScXyAjEAywLBab_0c6QNRABgol3eE7cFRuuTkhFFmFt-0zLedUFxHbjk7x3wU6YAtY1LEatz-ShckJvCgrX1WnGHCrCxTYUDQZNA?stp=s2048x1536&edm=ALXxkZ8EAAAA&_nc_gid=J_OTaRrO7gAiq2WK0EaICQ&_nc_oc=AdlmvFyF_neHVTlXJtA7DCMfZWzvL4_XtLjmi8bj-KfjA23KyLtnpgFJ0cy1z8GRdr4&ccb=10-5&oh=00_AffAohL_NZXEstTVZ2UHoSl4OlmXOsRb5zl-LuJl-otStw&oe=692B85D4&_nc_sid=201bca,1550127540091,S0kbYi8VQ_WxGBZSOrY3Wg,41.905783380432,12.482267311231,309.82116699219,"[1.4926835945968, 0.55542593067359, -0.60537459553356]",0.81800414257572,0.028981140083464,-0.04123256455586,41.905797038854,12.482135883683
138940178222730,https://scontent-ams2-1.xx.fbcdn.net/m1/v/t6/An8BBaa6Bc28nTbqYgotfW5XoWCduIzu55wczvX7VMBYtlERHcPzKcA9dv9kRhJS7jaVPAQC1Qx7bEdqgyOEWipYwa9yYA8uJegqEUzMMXR69lGgec7M4-Wz9xpSwG70bn9NnwYn2L33i31c6BW_4A?stp=s2048x1536&edm=ALXxkZ8EAAAA&_nc_gid=2nScB7Ib5MISYQRGW6pq3Q&_nc_oc=AdmhDUD5tZ6WwMjcWofStavfRiI48c5NgUtwcM_6pj9zcz0XBFngKqE1h3-wHa9IOsE&ccb=10-5&oh=00_AfeT4sPSUpU32fHtqB4drtqe5tkf3jjsBsoWIMH5L3qclA&oe=692B965A&_nc_sid=201bca,1550127541070,S0kbYi8VQ_WxGBZSOrY3Wg,41.905803573341,12.482264144907,313.75628662109,"[1.5366629829255, 0.50365313349602, -0.56520339644897]",0.81800414257572,0.028981140083464,-0.04123256455586,41.90580649919,12.482125610457
3973885756058652,https://scontent-ams2-1.xx.fbcdn.net/m1/v/t6/An9cDHKVy3nPMPSou2i0xpQAvVslkiXwBqAPmXGu3sFV7lLRc6nof3pxc1UfnVQXJbMfdcStspKBGfZ0t18mZdLc-rU33J8-uCL86tVC3ptRdks-lKFH0IAPUv-lqOJFc_wMIliowhGI1I4HnAL8ODo?stp=s2048x1536&edm=ALXxkZ8EAAAA&_nc_gid=HKLrm1jIvQjC0rJgyyG02Q&_nc_oc=Adk0yo0DsO_t3tJxy_t2jivk05aM4ktkSkz-6Sz7iSUhfTG6tBi9lTz1pFjIhfcwspg&ccb=10-5&oh=00_AfdzdOQY1RiwQfg16rk3Oe8BYMEsq5rDbb0cVTSUGr6asQ&oe=692B71CD&_nc_sid=201bca,1550127542068,S0kbYi8VQ_WxGBZSOrY3Wg,41.905812050048,12.482254882454,316.13146972656,"[1.5028797187506, 0.52241464025472, -0.65323288129725]",0.81800414257572,0.028981140083464,-0.04123256455586,41.905815676997,12.482115382051
153171543365412,https://scontent-ams2-1.xx.fbcdn.net/m1/v/t6/An--bBZZfGzWLgsIL9TT7nIQVoNK5dtC6aScAyqpfGuPfeejNdruvh-154G06NI_cliyN9Mqkmy1G1lqH02KOxT9MdVDLiGvNmo71Bma8hM3sL7vjN63ah1hvjoI1iphtp8Q4WUSFLPU8eqoTd9hKA?stp=s2048x1536&edm=ALXxkZ8EAAAA&_nc_gid=P_IPnvVArd_jkR3nZ3Ao0A&_nc_oc=AdlI623tB31fqhpJrvIPPMMP2sfpb3PQ1qVaQU9kKBs4AOqHTIGDC9mdjD8p_AmYXSE&ccb=10-5&oh=00_Afdmy730jt8tKsobNd1b-TGqAQFEBUdKBixFJuv7965yYw&oe=692B8D01&_nc_sid=201bca,1550127543109,S0kbYi8VQ_WxGBZSOrY3Wg,41.905821495945,12.482248549228,314.99597167969,"[1.4909628144694, 0.53320271678159, -0.68183177384524]",0.81800414257572,0.028981140083464,-0.04123256455586,41.905824114814,12.482105443371
313127766999687,https://scontent-ams2-1.xx.fbcdn.net/m1/v/t6/An86I2RYoPSA2fSOMwtU-Mop1T7T-qn2l_LD-HZ6toFdZ9NVI7vZxMKixlqUg56HD6XZdn82I2KBEHhCOPayA2isQmC3kTmboNMBBFGlOsdduvDDITAErpE3bWrv8SokDXFPR2HiCNdohwoPAGKyLw?stp=s2048x1536&edm=ALXxkZ8EAAAA&_nc_gid=lOLQRKqlWGPQftA_j9OZKw&_nc_oc=AdlbL9FPk_mJ3nvEU-6BZge-OBZ8vKOBLmoWSgz-9s4hJMYTm4gojCxhkfGm84MUWp0&ccb=10-5&oh=00_AfcMdcuNlQW-YJOY9QJ9Jzf3D5m9jqyTp6X4Nf47lsoENA&oe=692B797D&_nc_sid=201bca,1550127544100,S0kbYi8VQ_WxGBZSOrY3Wg,41.905831247999,12.482241285108,315.01068115234,"[1.4976196591748, 0.52118895125447, -0.58726197062013]",0.81800414257572,0.028981140083464,-0.04123256455586,41.905833208417,12.482095867763
306775687692935,https://scontent-ams2-1.xx.fbcdn.net/m1/v/t6/An8YgxRpvXjV9vem4jkn-ucrxpYN1jlE3TXIkOZp6GE5bSWiOGSiiiMWB4z-18pT0mpW_tk2UGoFLryVbgjtgTZ9vqN0wi1yedz7K0JDwdGXKWd3cmFx11DuMrcSgqOLqDeiktfgGAsxeZ7ElqmVmw?stp=s2048x1536&edm=ALXxkZ8EAAAA&_nc_gid=gP993ME-IHdmz4yKi8qTog&_nc_oc=AdnAW1Lu0ypMsxMgCOSNJZfagvM7nRNwWTXdNAuoiO8tur39P9dEVBCLKlPjUhmRYSo&ccb=10-5&oh=00_AfcI1qIg9co_oIYYwGsI9KJ11HvGwyeJBjgpEQavnsNv6A&oe=692B5FBE&_nc_sid=201bca,1550127545005,S0kbYi8VQ_WxGBZSOrY3Wg,41.905840970933,12.482235044022,316.09875488281,"[1.4787225259609, 0.49754549447136, -0.60428926706937]",0.81800414257572,0.028981140083464,-0.04123256455586,41.905840596687,12.482087793388
458265088597722,https://scontent-ams2-1.xx.fbcdn.net/m1/v/t6/An-eGJUSmQXcTyrUuMW9RdyI_w89XKhR_8YkHXn7AvJISUc8JXvIQgWx9Ttj8p27TmbA03vFLAv31pUeofa82BbhvrtELiqDRLI7nC7VkMrW0mi5cJJzhmCD7eLrgAFefLDa7V-LkeTNBHDim5KD6w?stp=s2048x1536&edm=ALXxkZ8EAAAA&_nc_gid=DEFv1zUstWbBc4372VAI8g&_nc_oc=AdnSFfWuv_CX8z8n0CVCOUVcE1GlJt2ptzmrRnMcBFKZjvDE-pGLJ-RU-h7O5rO-ulQ&ccb=10-5&oh=00_AfcXjy5hwLLG23p67ZQ_mU3xXR_MYL2oBxekP0aW9HqoDQ&oe=692B6F2C&_nc_sid=201bca,1550127546006,S0kbYi8VQ_WxGBZSOrY3Wg,41.905849117722,12.482226265798,312.22906494141,"[1.4836133237198, 0.49668181517967, -0.62823649966686]",0.81800414257572,0.028981140083464,-0.04123256455586,41.905848775418,12.482078179447
498635101554825,https://scontent-ams2-1.xx.fbcdn.net/m1/v/t6/An_vELKk9HcUB2WB9D6qI_Y3CVYSWYEHCLu701LNgPR0yiAosEgzvcLnHzJDoNC8qF98MBfTLtIckbdZZC8uxO4JA3uGzNwP6-fXBoiFZi2heCcC3iQTDZL34YCv0mZiZF3RacMcMGJxIQvMDKFzTw?stp=s2048x1536&edm=ALXxkZ8EAAAA&_nc_gid=ge0trzcXxscLoRMFnvHReA&_nc_oc=AdkyebZ0jvfVxFmiBnbsCeR-3Bn1ltKtW_ZUeco8RCXa1xiQYFfXqSQrxy0fBNY5ehE&ccb=10-5&oh=00_AfdI1f8BdiedbaRBhgCPYyJBj-Ht2t5DdCSkfwwPiTDi3A&oe=692B780F&_nc_sid=201bca,1550127547024,S0kbYi8VQ_WxGBZSOrY3Wg,41.905857507659,12.482215712699,313.26782226562,"[1.434663135517, 0.52569106884479, -0.66705351174511]",0.81800414257572,0.028981140083464,-0.04123256455586,41.905855089072,12.482069770909
235343141691258,https://scontent-ams2-1.xx.fbcdn.net/m1/v/t6/An_Y5NIXcLHbt3P8yaO4Ee7oftGg9kG2J7kg2TLlYIkJCzFxps_L8THb-FVKP1jZY9uLXCQWFHFUNNiPnZqYDrKzbN8uQHW9CUu0pAOWqgo1ADERI26jaZOSMhqr7P0yhLGJg2vHRVM1h7EKKHlD7g?stp=s2048x1536&edm=ALXxkZ8EAAAA&_nc_gid=5fUI-7g3aYhJnmCeWtJIQg&_nc_oc=AdkPAE_4ZyHAbuigTmmObAd5R8tjue9_wNH2Ydc_KMD5Xab-2yg7uamEI-aFx0avp3c&ccb=10-5&oh=00_AfdFIy1YCdzv5_o_wl-7_ElDwOq-kO7818cQCAj0yWabsA&oe=692B9034&_nc_sid=201bca,1550127548018,S0kbYi8VQ_WxGBZSOrY3Wg,41.90586776334,12.482212291149,313.26403808594,"[1.485392784978, 0.49807692969333, -0.66039887457283]",0.81800414257572,0.028981140083464,-0.04123256455586,41.905865827364,12.482056535213
1954770098513826,https://scontent-ams2-1.xx.fbcdn.net/m1/v/t6/An_V43abirCv1kjN6QlLuVHvIa55E8_KfcqqLtO7-lH8xVOHm8oYxUnEOTUAi2zzeymxDM7Buqx9RS_5yBL7t9iypf_WyBqLwLFmg8O2H1_HX97UdT-tSSZ8AwaLDcup_iZbZbDf8__lCwrxUn9hKg?stp=s2048x1536&edm=ALXxkZ8EAAAA&_nc_gid=tRgZPGe9YJBE1JEO55eSGQ&_nc_oc=AdmsJkw4_yHyIvEDNxF38P-BKQBOpkyb9t5i4igmUWHoNc0xxE41dpHCA4izq80LbtE&ccb=10-5&oh=00_AfeiSGY94S0G8gVhGR-6YsyivvVgTx0waNzMj5S4AnXa-g&oe=692B6789&_nc_sid=201bca,1550127549006,S0kbYi8VQ_WxGBZSOrY3Wg,41.905880064339,12.482211403062,317.38311767578,"[1.4026213618826, 0.53183096340914, -0.67954530998815]",0.81800414257572,0.028981140083464,-0.04123256455586,41.90587368551,12.482047116795
520354202466339,https://scontent-ams2-1.xx.fbcdn.net/m1/v/t6/An8hnNEOAjjH1xYPpYTkG8JImWY29U3qs6bAfDCrfj4GMzfxCejwPV00C2_X2u0ivParvm6PKHbErQtv76M4y5NA2-3X8fFYWr2fuxzaEOjZaBJDBQxVCcZ7TzznXY56dflFAV8bF45o5RIrGM2Upas?stp=s2048x1536&edm=ALXxkZ8EAAAA&_nc_gid=y-rBCFse2Vg_XCOaYsdvAw&_nc_oc=Adlyiyv6lfApuw3FYMYUBCYVKm0eshqwfnEtS3yQDz-WwJLMTPox5FRfOr46-07GvwQ&ccb=10-5&oh=00_Afd2q4czXW3Z-7Uu3xzpkLx8qqFpESBj5gm4X5zEkZoQ0A&oe=692B923A&_nc_sid=201bca,1550127550099,S0kbYi8VQ_WxGBZSOrY3Wg,41.905887251858,12.482200897068,316.39562988281,"[1.4692502109763, 0.50414496489087, -0.68433259725565]",0.81800414257572,0.028981140083464,-0.04123256455586,41.905883793403,12.482034912916
2973179696271735,https://scontent-ams2-1.xx.fbcdn.net/m1/v/t6/An_n8sx75hb0VmN3A60j6fBoyAwlP3Irpggew8SlM23nphH9qg2lodWfybr9dkJ-UGZyxfuRGc6RXzrcI7RtxoSsOy8Fj-1yH6YaVXWThfV29Q54k1SIWU8VMifNehAC1wY3E7NG0bGaaDgK56PX_38?stp=s2048x1536&edm=ALXxkZ8EAAAA&_nc_gid=_43d7avSRppELYv8Sso--g&_nc_oc=Admbqte7-GM7G_kPccozkvuEghRr64vrFvwxHJ_DtaIRb86bEL2-4EKBEXuP1B2FqsE&ccb=10-5&oh=00_AffV5B-fb4zhrCZ9U0IEIuFCGuFQcJoEwTirmL_aYdiXmg&oe=692B7A84&_nc_sid=201bca,1550127551056,S0kbYi8VQ_WxGBZSOrY3Wg,41.905894826702,12.482190569514,313.65063476562,"[1.430810782604, 0.52479773205241, -0.69454849468187]",0.81800414257572,0.028981140083464,-0.04123256455586,41.905892333236,12.482027708676
310982717201776,https://scontent-ams2-1.xx.fbcdn.net/m1/v/t6/An9MeA0X_MSfkrXLntPqbFCykvZ9VV3qhe9Bin5ITUbjaY7jID90LA5NhkLjVzmll5NgKrjzWJGCI4ytX6k0V9uSMoT9vKfKQJ9TkSxz9bcWD-htPDD7sIWZNYinbYjCVa_-x7jV-gab4FtnSnHDNQ?stp=s2048x1536&edm=ALXxkZ8EAAAA&_nc_gid=PURMdrgyB0R_z3eCCX3fuA&_nc_oc=AdkacOjoOCh1Ea9Z1qJuLJYHNG78L4nHY3V-R3lS1o-JillXQGAxpL9eiScE59DarSg&ccb=10-5&oh=00_Afd8pI8d64zbB4X3tcjBR77dzP6ZgqrQdPJdQ_6jfseaXA&oe=692B6E4E&_nc_sid=201bca,1550127552085,S0kbYi8VQ_WxGBZSOrY3Wg,41.905901695034,12.482181433184,312.59228515625,"[1.4425942703585, 0.52560195078464, -0.67405885480862]",0.81800414257572,0.028981140083464,-0.04123256455586,41.905901380738,12.482018411791
300044561683907,https://scontent-ams2-1.xx.fbcdn.net/m1/v/t6/An9GthoB03ArRezkPU1-FTBearGq3vdbtBZ-GWRmNkMq5WKU0iBRkMYTtMspikFZTw7y6T12CIVw9rHaQ1ALeM8dQRGQbMv6BMUZ1EvEtHvUG9f32XJJgkwTR7ACQmuGsC6lNU1LUKDpEC4qjnp8jQ?stp=s2048x1536&edm=ALXxkZ8EAAAA&_nc_gid=pjicALLIsSiJubp4Ubr7Ew&_nc_oc=AdkAddTX9m5QKFJky7GRlvGZR3W7VADogyPXzwzjy0NT4Ls9yCBpkqq8kvvzfLCrHCk&ccb=10-5&oh=00_Afc2UpJWJKvigjb1OVFkaap2EIg7eKh0_cK78UyE6R7uqQ&oe=692B7056&_nc_sid=201bca,1550127553052,S0kbYi8VQ_WxGBZSOrY3Wg,41.905908551492,12.482171279901,313.57073974609,"[1.4721153901442, 0.44282177473395, -0.56839450215934]",0.81800414257572,0.028981140083464,-0.04123256455586,41.905911355745,12.482006537864
1755934427900869,https://scontent-ams2-1.xx.fbcdn.net/m1/v/t6/An-45SPyhldA9e3IebQRHHrHQL7SCqIxA5G_iDaXUzCl8zn_yw4vNQEgy_9eUrqmus-G2Sz1tfH8LYhSrBPz4S2MhQuBPNmNUuLg7bYD2sgK7hG8gSShUlY5OgdydcwLYBsgSb78pCiJFAlGnqBT5A?stp=s2048x1536&edm=ALXxkZ8EAAAA&_nc_gid=thRqTWqf67huEZ0SnvH3Ew&_nc_oc=AdkyjMZl0lEwq2XPsg1HeaLVVP67QaYznEFrYcxr9Hr-Tcilg9cq8Zfef2TiOoI6uIg&ccb=10-5&oh=00_Aff77wU5PpGPUMNWR7zwcWpDJbnFekENkedIvVgW_pGhcA&oe=692B640E&_nc_sid=201bca,1550127555092,S0kbYi8VQ_WxGBZSOrY3Wg,41.905926032381,12.482146755953,315.47192382812,"[1.4945228796033, 0.48924083352536, -0.58489452371803]",0.81800414257572,0.028981140083464,-0.04123256455586,41.905929132998,12.481988796008
289120099577066,https://scontent-ams2-1.xx.fbcdn.net/m1/v/t6/An_nNNat0Ck8RIz_nhhk1P116vKnuLAvzbIhON3dJAxuTgalSsP7pzaPTSKZevMZJGW_zdzIY77MG2jKHEmQYWFtefxMvpwrmU5T66J7DGFCz3kx-CSdqHk-dESP7NnWH8OVcH078QdzDB_C2AAhaA?stp=s2048x1536&edm=ALXxkZ8EAAAA&_nc_gid=ZvJ2j9MxKuq8dztCjGDuPg&_nc_oc=AdlyYS__bROZIzthLBKsxSGaz73WaGdfmAdZXHLas12mfosdz8Dih_8MdlCs_GkYbkw&ccb=10-5&oh=00_Affv_zPXq_FFlcjnFEGQDWfceZRYpeUfM5gChVYVTj-36g&oe=692B6827&_nc_sid=201bca,1550127557014,S0kbYi8VQ_WxGBZSOrY3Wg,41.9059415942,12.482131651366,315.07049560547,"[1.4489057614558, 0.55629888991115, -0.74983644574603]",0.81800414257572,0.028981140083464,-0.04123256455586,41.905945076651,12.481970095824
472831740495485,https://scontent-ams2-1.xx.fbcdn.net/m1/v/t6/An8bBkKC74l8O78xL6o0kUHV5LuuchSmOEziR7_4P5jTszz1C36Dp3qitIYtTot2nydlUhhItM8tNO6O81ldb3WcpgBp1aGYMB7_daYy3kcQZLbsk40rDhy6AsUT2UjoyOeqbRSG8lTRiu6G19PJ8A?stp=s2048x1536&edm=ALXxkZ8EAAAA&_nc_gid=JDMAZ9nWzB13YtXa3D6zHA&_nc_oc=Adl0L2lad491z9rgJcvxfrITbvSB_8lm9eEKX1Kcmta2ravUlq2URWxgJeXvw4LmHAg&ccb=10-5&oh=00_AffgOLCDtmhe73IxvpzhHtHcoQFS3KIZSiS8lbVS70aGNA&oe=692B6181&_nc_sid=201bca,1550127558119,S0kbYi8VQ_WxGBZSOrY3Wg,41.905949560324,12.4821040817,316.35479736328,"[1.4213533731621, 0.48196952022534, -0.67427557574122]",0.81800414257572,0.028981140083464,-0.04123256455586,41.905955257228,12.481957645538
235987994946611,https://scontent-ams2-1.xx.fbcdn.net/m1/v/t6/An_fRQfUXScT8RpSS4anzm6_vI-MehvT3dAHqfE7G0_fKfTivHnVHdpkaYdYdcIEwUJfbyV8LSVN-kQpqVS3wgQgPEc-yaNtWIR_V-btyheid1ABqTJ1eET-LrO9eYgPMITjBrRpOrZI6UM3yncVog?stp=s2048x1536&edm=ALXxkZ8EAAAA&_nc_gid=Au7T0vtZS6oKbzG8DQmtlA&_nc_oc=Adloa4TnNFidSQbZO2NoydddJ2nkUXmWiNrxnehiffZoGY1l7LOKZqauO1C18y_J6KU&ccb=10-5&oh=00_AfeXN8ceZkj2pga1LxrGDvmDmdK8f8rzMOS72H_CV1EIdA&oe=692B64C5&_nc_sid=201bca,1550127559018,S0kbYi8VQ_WxGBZSOrY3Wg,41.905956374248,12.482094528185,315.55505371094,"[1.4705777822517, 0.49842760864428, -0.62969690456161]",0.81800414257572,0.028981140083464,-0.04123256455586,41.9059633933,12.481947645392
900588070502827,https://scontent-ams2-1.xx.fbcdn.net/m1/v/t6/An_ylat5UtnnD3S8z7VQTBZ_JdXuCB3l5gTVzX_L72CRYV4E4JWL8b0MAP6_VlL4G6gaRuvEYlDBcSCB9wd9yNg1DUaUpXWkcbAjWXEX62D_PwVk8odrUAR5OZtELCM6_VYybls4trxYc5QpzIz7yw?stp=s2048x1536&edm=ALXxkZ8EAAAA&_nc_gid=PFb3cP5AbIbTIrdOwF53ow&_nc_oc=Admu-kayK-a-I2Wd5q5-plUbAVIUsdufhQK9Cg0-4tBYSTPlia9bAsO6Sha5j8ORML0&ccb=10-5&oh=00_AfdhGEArmnk6AhwQPXUsltZEar2_S9iGPjViUDHbsgP4CA&oe=692B6F2E&_nc_sid=201bca,1550127560092,S0kbYi8VQ_WxGBZSOrY3Wg,41.905964500184,12.482087359922,313.00341796875,"[1.4513958254992, 0.52275603463974, -0.69515351361459]",0.81800414257572,0.028981140083464,-0.04123256455586,41.905971453828,12.481938453934
4062903437100039,https://scontent-ams2-1.xx.fbcdn.net/m1/v/t6/An_gPPkKObwCepGyoYDMRCSx25qi_NyCSSG2O7sAovgAQPjX0tmNAUJCrrFTBVVkQI4x37-H-MYLeWt-X9eftj4KFKwjgXA7qPR8kWuu9yYKk06fmFE81XsuyKe9X4rLyxHGWyZwplcRJoFreWhZrH8?stp=s2048x1536&edm=ALXxkZ8EAAAA&_nc_gid=aicX5s6EJjBp3CY0_r9WhA&_nc_oc=AdncvEGLbQRCBiO8CC2iV4nuXBy1vgJFXHyceiXzoGOIyF3ToBYdjEvZimUHwFh-5Cg&ccb=10-5&oh=00_AfetO-sa_am1ffYFsHrRb-WrJdNHMskowIf_e-jUFndfJA&oe=692B8F29&_nc_sid=201bca,1550127561030,S0kbYi8VQ_WxGBZSOrY3Wg,41.905972780882,12.482081085374,313.73400878906,"[1.4201438582109, 0.45997903618083, -0.60405368695882]",0.81800414257572,0.028981140083464,-0.04123256455586,41.905978918072,12.481927623249
215700066730957,https://scontent-ams2-1.xx.fbcdn.net/m1/v/t6/An-mjL6sniPB_6ffejwitLCfgemkxC4BFcVIV8oFJu_7nicKsMraZvXo-HOs9P6PmU3a38xjufEgxwllsNc-sBHSygmzLpXs0OGJbSCBor_JcD92UXv8xbrWMNXtun_T3XVwrSBUeblwRoBp-d5fmg?stp=s2048x1536&edm=ALXxkZ8EAAAA&_nc_gid=fhbp-8-3tEDXOfTolYyNOg&_nc_oc=AdnuuQpYdqQhVtJeMRxqPGeosT0Ry8doYqmWfPu6lEozs55utqA2kDf_Ae6dnTDa_7E&ccb=10-5&oh=00_Aff0-kLnTmphnInaCuUdioP-u2oAKAxFAgUcS5m8f-n2rA&oe=692B6A43&_nc_sid=201bca,1550127562019,S0kbYi8VQ_WxGBZSOrY3Wg,41.905985086258,12.482076840573,313.90209960938,"[1.4756775542311, 0.5048303264359, -0.62093867704073]",0.81800414257572,0.028981140083464,-0.04123256455586,41.905986202566,12.481917998053
312192647016031,https://scontent-ams2-1.xx.fbcdn.net/m1/v/t6/An8SjL3jOGlkWuISEv-4XWyKCw8pZJZ5Ur68dLmxOZYWCH4NyX3SrKSUW4xhRAFhvYoDQj1N_REQ6FiD9e_7uQ3HP76C8KaCtAcDq7tsQlRxidGhghfUr0h7OyBFq93_o4nJLjSd4M0mm9FugKah0Q?stp=s2048x1536&edm=ALXxkZ8EAAAA&_nc_gid=bUGGe719h2m-dAVyDNTqAQ&_nc_oc=Adkp9ins6j9kI4w_gRgnBdPjJ5_9rmpBDzSRm2v-NhHDLay_Fny9XKmH9gIF7ANRbPQ&ccb=10-5&oh=00_AffGmitQKawmjdtD1Thqen3UqEKuq588rlWlhCu6WrEC6w&oe=692B6A1B&_nc_sid=201bca,1550127563023,S0kbYi8VQ_WxGBZSOrY3Wg,41.905999912419,12.482076842037,320.11602783203,"[1.4497758086548, 0.45898622663068, -0.57230624565127]",0.81800414257572,0.028981140083464,-0.04123256455586,41.905994295464,12.481908979671
191106976197355,https://scontent-ams2-1.xx.fbcdn.net/m1/v/t6/An-QFD79vbhCiF_CV2KohOoPD9VQTmwEIaF7jQq2xZAAQFDyO5XAuoBeW57JJiHNwmnFPGY4KjuPD-jIZoEBw6tzVWzY5DJ3y3T1kMX_ppqWI6b16K5Q117D2cLZyeqTRrnpOBYNvOzyWcOLFxY0TQ?stp=s2048x1536&edm=ALXxkZ8EAAAA&_nc_gid=WWzSmmcdKaZ0JC7IxOTYYw&_nc_oc=AdlP-p88XuffoZlfvPWJFfyc8lf9qWbzalEeePlkCWxvKS_aiAkRTUiQhdtt2TRDQJM&ccb=10-5&oh=00_Afe9abY_LAiCFnBIXcgOgkiWPIpqYHIfWfk7t9bcqwkSoA&oe=692B617E&_nc_sid=201bca,1550127564089,S0kbYi8VQ_WxGBZSOrY3Wg,41.906007623189,12.482068145452,313.89978027344,"[1.4336001244765, 0.51407537017228, -0.63684683451021]",0.81800414257572,0.028981140083464,-0.04123256455586,41.906002889736,12.481898124975
218801276362390,https://scontent-ams2-1.xx.fbcdn.net/m1/v/t6/An9iapBv6wftXYQiKko6QPpY4i6OODIA-_ngDiNecHehEwRtDGl71MiVBiFw58YckvaBL1Tgc1GqS516mYSk0iq9ylmEvGD3st6Usf9kXKtbAEGncvEJDpKwvRizszQ4j131RylOjXGIzHwOoFybrg?stp=s2048x1536&edm=ALXxkZ8EAAAA&_nc_gid=9LFtl1H2hfx5K0jqK0O6jQ&_nc_oc=AdkjeSc2CoWIed27UkQUZl9S_kXxVg48bWDcyMgj2HuR8YslnSqm3pflOFSh4ILy1A0&ccb=10-5&oh=00_Afehrd8oChM8Y5FUC7n48jnJeBKSU8_FiHcC-K5CjMAIIw&oe=692B8FA1&_nc_sid=201bca,1550127565115,S0kbYi8VQ_WxGBZSOrY3Wg,41.906015233438,12.482059475321,318.45745849609,"[1.410594134435, 0.51381121519606, -0.60334524946071]",0.81800414257572,0.028981140083464,-0.04123256455586,41.906010789996,12.481889613425
1251671701896502,https://scontent-ams2-1.xx.fbcdn.net/m1/v/t6/An-gFVxnI0L73MtLRGR0L5VEJAPqqoPyfPmNv9ngRO5JgycocLNIP3N6KUnlTrYBmr6cfQeC-tGzQLlmDu55E690QWak2E8eDKiU1MDbxHiKk_gqqlUsKcWb8mJoGU-VYgZVD3S8ZlwqwILp1vcNYg?stp=s2048x1536&edm=ALXxkZ8EAAAA&_nc_gid=xSmg5qQI7d0DCZXfaEq1Hw&_nc_oc=AdlEuNJcur7oSXZumf-3IIqI-fWw0_2adxWouTFkmxgljSGeMHoJTkeCdDbqwylwTkA&ccb=10-5&oh=00_AffgwbbcPso9IX3gppSqobf8OL-_--NOXt3xNZMdWp4aSw&oe=692B6A59&_nc_sid=201bca,1550127566008,S0kbYi8VQ_WxGBZSOrY3Wg,41.906023986875,12.482054158907,316.37780761719,"[1.4451111779569, 0.47048637449445, -0.58509169447599]",0.81800414257572,0.028981140083464,-0.04123256455586,41.90601815057,12.481882196284
821647072096938,https://scontent-ams2-1.xx.fbcdn.net/m1/v/t6/An8rmKGUb-nOCJ-nXfoirAVRI64YN0SaeQfFKcpxLJabbqcBKmNJ4uMWnnv1QOp2I_CM_t8uwSZueY7LCvri5LcnKiSvrhgGu9cjXMl0km6o9TJhDe5vZcp1N7Cby1zDHJfvQY2oPpEbJZEZzckX7g?stp=s2048x1536&edm=ALXxkZ8EAAAA&_nc_gid=wxohkKv7NL43VUgewWZEwQ&_nc_oc=AdmLWEjaQ9CBeYD50PezKSx4Oj0n35W05ercwBl3yoVjKJ41KuoZYNKeDWwwWAB96ts&ccb=10-5&oh=00_AfdQTA9CZ1NKn-y2k6OpdncV1e778_FRQL48VgiYATEGwQ&oe=692B73B6&_nc_sid=201bca,1550127568058,S0kbYi8VQ_WxGBZSOrY3Wg,41.906045616958,12.482041890175,313.37396240234,"[1.4484348894613, 0.46003624634303, -0.58768275780855]",0.81800414257572,0.028981140083464,-0.04123256455586,41.906035524654,12.481862195282
303730374594771,https://scontent-ams2-1.xx.fbcdn.net/m1/v/t6/An-zg9itmXXUGwUEvKEw9B2x9tX7OM8P1OGau-fitgAGYtumUaxFCu1xvE0iNe0fpBY93g08hukPVwanc4UxqYjUnZd2XURWLfVEc9ObJvRsFidBiMLtgZw4Ay2_ACBoGaTpWWPeS5oCeEReFF64XaY?stp=s2048x1536&edm=ALXxkZ8EAAAA&_nc_gid=-Mv_gxk3SIk0YnMHuByZ1A&_nc_oc=AdmSYk4lMhZ0Vf_Pe6BG8Ar-5vaQ2VQo4FFDtLHIZlRrqy60N41gXiAWviUuA4UpnPc&ccb=10-5&oh=00_AfeJNLroUu2J1e5QVfK5mOeTwvOVpGSplO3KyyV3y6a8Sw&oe=692B6492&_nc_sid=201bca,1550127569044,S0kbYi8VQ_WxGBZSOrY3Wg,41.906055331671,12.482036227788,313.15338134766,"[1.4739660751512, 0.51240000510983, -0.61864680294471]",0.81800414257572,0.028981140083464,-0.04123256455586,41.906042871351,12.481853337525
618885832842047,https://scontent-ams2-1.xx.fbcdn.net/m1/v/t6/An89P7sl7Wf_iQ6uef0SdchilWVEMsac4AHtNYciIHDrC8iZSoyQj0nYda5rsC649KQMxIKcxeoMch14dR0rvL6p_tqIf5TMKSQq8msZjLI3OYFzrf0gIU7N_VLxGe2UXHaqjn6-FuMxHoSorIgGu9Y?stp=s2048x1536&edm=ALXxkZ8EAAAA&_nc_gid=5cFa_8_JEtbmr8pjRDvMoQ&_nc_oc=AdnaC4OSw3_iRPmy0eza-jxApXbzAT-bYbSOMZvvHLBXby8ggV_b7-SXkuOm1-WiAv8&ccb=10-5&oh=00_AfcQ0zl-JZTex3957qi-nY1JWNknBA0P3kMNiEvZPyiG7A&oe=692B8749&_nc_sid=201bca,1550127570071,S0kbYi8VQ_WxGBZSOrY3Wg,41.906062673064,12.482023283305,310.7177734375,"[1.4552241497563, 0.50207927142774, -0.64786534277883]",0.81800414257572,0.028981140083464,-0.04123256455586,41.906051170689,12.481842362655
318220739671203,https://scontent-ams2-1.xx.fbcdn.net/m1/v/t6/An_eV7jOp8RZD7V_QZvLDh8thdAbk62CaDW8MDG9UBHekX9u51RxcLGno548Awbf3IdLV6fUJT_GwuMvVTKSESy0koq2sgryMoIUBbDeam0K-fkglhrHOhwy5y8Ai340goEkiLeewPKx2c64ryzs4Q?stp=s2048x1536&edm=ALXxkZ8EAAAA&_nc_gid=lYMGhb11VPeeIJUQv5JHEw&_nc_oc=Adlh2iDXNqzJrCPpxYEyvN_3ORCTYnViK169Vf4KqLNfpxX5Upwm1c6Edxh5tr4iekk&ccb=10-5&oh=00_Afei8ymzuE0jCEm8EYMq4z7d6RGF_5lTb7TgMubE28Tf-g&oe=692B63F2&_nc_sid=201bca,1550127571064,S0kbYi8VQ_WxGBZSOrY3Wg,41.90606991017,12.482011955595,317.91839599609,"[1.3972633751874, 0.46991318048435, -0.59512741241831]",0.81800414257572,0.028981140083464,-0.04123256455586,41.906059035224,12.481835023686
752749511990487,https://scontent-ams2-1.xx.fbcdn.net/m1/v/t6/An9lgKde4eKPNxSJoCJzaL-HGWiTCiS8wvk_7TUPlXa5CTJOW9nDcTcAkYc3LSD959Qt4ardBC5-nHnFDdhr8UvCIVuqdIpMZDGMve-vsoj5n_9JOAtd_ZN0vn81TdIGohfKw8_eTbymoYK8lGiSuqM?stp=s2048x1536&edm=ALXxkZ8EAAAA&_nc_gid=3WoUyAosaABDPysCQ3_K1g&_nc_oc=Adnk55T_ex1SdvckKz7nQmSO19JzqydUCxtel3XRtEcGy5sJLVvIz2XkXpwpom81hyI&ccb=10-5&oh=00_AfdI2kOXuOqqA_gIKRmS9KiTtxflXlGEBYlDLj4jEB4rAA&oe=692B8FAB&_nc_sid=201bca,1550127572021,S0kbYi8VQ_WxGBZSOrY3Wg,41.90607730334,12.482000755548,320.75946044922,"[1.5075817356528, 0.49122046284807, -0.62810179999953]",0.81800414257572,0.028981140083464,-0.04123256455586,41.906066070742,12.481826863706
4090156661051179,https://scontent-ams2-1.xx.fbcdn.net/m1/v/t6/An_1nerLVAvZ14kDbi3qV3ul5fsH9ly3jXM3BdT3C0sFbJWTyj_F_9RUE_2CZc-C9Re0M25VzZhnxQjtfV5GtgDgVnx1kthPUPJa3BMV7J2NT_CXNHWP2T-IeJu3HQcg62LSDwOGt3MA4EGEPSt7XQ?stp=s2048x1536&edm=ALXxkZ8EAAAA&_nc_gid=VKfC33Ln4r1cxRs1FtdcVA&_nc_oc=Adn4xHYFgZk6ZgFllnvTpAzyMbs9OYb2Of31g8VAXYatwZUx0vFJ_84hhJWapJrTMzU&ccb=10-5&oh=00_AfdKDxjYG1wDzatpRj6RyGMoDE8VqQCwyQbEsgca6N_9TA&oe=692B6772&_nc_sid=201bca,1550127573105,S0kbYi8VQ_WxGBZSOrY3Wg,41.906084398554,12.481989453846,321.7919921875,"[1.4938551665724, 0.37976536885377, -0.49385270511295]",0.81800414257572,0.028981140083464,-0.04123256455586,41.906073926615,12.481818812007
468472451123328,https://scontent-ams2-1.xx.fbcdn.net/m1/v/t6/An8YgLyXfnpjWyehZPlcx-1AOui9nXh1mMOafqTR4hodOLh6he8Q4_wkGxFpJGJibczz4Mfhbs_7dp9sNIZP1dgoe9cfOZRc9a9sYCFtQohYz6sNuADKCR8CAFjXCcG7mWYtmFKhIhvtay-k4PgbeQ?stp=s2048x1536&edm=ALXxkZ8EAAAA&_nc_gid=2CPjM1RcULBNMfmqsohy8g&_nc_oc=AdnXaYyawpLHvhDBzDSWd_McrZogX5zqPYHmmvfOYV3Y39pooFQgp0ykgRKaPwR8YOU&ccb=10-5&oh=00_AffTFZ7LZ5DbesnXxrh5rDC78aaJwAPBMCdBAJ-i7VyVow&oe=692B77F9&_nc_sid=201bca,1550127574022,S0kbYi8VQ_WxGBZSOrY3Wg,41.906094454682,12.48198043674,322.50793457031,"[1.4646964561578, 0.4210273489884, -0.53731655100323]",0.81800414257572,0.028981140083464,-0.04123256455586,41.906083490704,12.481810902432
468758624198354,https://scontent-ams2-1.xx.fbcdn.net/m1/v/t6/An9XY0B_eZgEo3zHam5erB8uIEENqshrwn30C1Wf29eI7xv6gYh-t045HRucLP4BWlPimSt2IWz-iBed7G0aO0INpGh2PkVo_NSuCwrweMgCFJZTMLgalYOVUoRQ86VkIbihDrQECLA9GuBIkIlmrg?stp=s2048x1536&edm=ALXxkZ8EAAAA&_nc_gid=97zi724xd6uGhoYo3xQaEQ&_nc_oc=AdmwlT6skQlIhwwSEmmzYMhCsbJCym9P0OdDaOzYrtutKfFpTZWuy0Ze2az6sfaYmSY&ccb=10-5&oh=00_AfdJe7hm2ppRY9fAhPdxl4F4bkHcwng1cDpBq2Pvfwo5lA&oe=692B882B&_nc_sid=201bca,1550127575075,S0kbYi8VQ_WxGBZSOrY3Wg,41.90611120839,12.481974404021,319.15802001953,"[1.5175848475318, 0.4223751847196, -0.53568073396672]",0.81800414257572,0.028981140083464,-0.04123256455586,41.906093428902,12.481798710123
494060038453033,https://scontent-ams2-1.xx.fbcdn.net/m1/v/t6/An-Vd4Mf9tjHsbkoDwcm5WtegbpqnXC-sfjVqSuBW05IkYpBZwDJWYHxutG1aj9U4FmHITrEeuiG6Tpx36FCwSuvZv6Qgpp5c5drxSbY7RBPBOHsvxJJNA_NGdEbWlK_mH-XgcrSWYBSwSN1Y9aunQ?stp=s2048x1536&edm=ALXxkZ8EAAAA&_nc_gid=41pY0_Hcw3JnuJLtsDRjJg&_nc_oc=Adl5lB8LjRAwrMBznXz5h94hV_UhKXjQiXL-pOkeJwoJYm6GVlOndMo7HQOXKJq6_f4&ccb=10-5&oh=00_AfcIYp33T5UZA4DOwnfkf6Z2cQcFcILzLK4GARulgMiCBg&oe=692B94F4&_nc_sid=201bca,1550127576062,S0kbYi8VQ_WxGBZSOrY3Wg,41.906120514746,12.481968080537,318.46826171875,"[1.5190685333546, 0.41752405054082, -0.47374593489084]",0.81800414257572,0.028981140083464,-0.04123256455586,41.906102064993,12.481789027584
756502351714651,https://scontent-ams2-1.xx.fbcdn.net/m1/v/t6/An_piRhLITBEjtVe3Ro4ucBeERGT_0Kjh_cG8tB3dCTz6LeSAE3mkENgALJgMycADO5v2P4zmZ08mTkCYxM9M4c_AQQtV_X9KijG3h7d7XTXqECOiQal2RfatiRO_zk4YjczkAd6Te1OezGRcgVQDkQ?stp=s2048x1536&edm=ALXxkZ8EAAAA&_nc_gid=1wPohxzSe39MqsKjm6wDwA&_nc_oc=Adlk0UXXgWdgamLcYRl2DaCmkrWZJMT8qYTkQQ00NdBc5yYWkYwklmVP-Xbk25F3Qpw&ccb=10-5&oh=00_AffCbi-2AAcPSa9V8zGcA-IimClutKRuF79hQLlUgViqbw&oe=692B69B4&_nc_sid=201bca,1550127577005,S0kbYi8VQ_WxGBZSOrY3Wg,41.90612730371,12.481953845747,320.83001708984,"[1.5051844726344, 0.48970059584826, -0.55190944402229]",0.81800414257572,0.028981140083464,-0.04123256455586,41.90611025429,12.481780266467
752638762079654,https://scontent-ams2-1.xx.fbcdn.net/m1/v/t6/An_U3H4DeVxcGhETBv423eglnLtH7WT1nSisdCukcl4Flm_d0Y4kAcI9peD4wgfngdGP1MsQ5Qb3orjrpCaY0-j-ReYL9uH25VXnJn3XvWanBfLkIryolfHBCwnDW-VnNfi53XBA66SMHHdN3Hzhkw?stp=s2048x1536&edm=ALXxkZ8EAAAA&_nc_gid=TVmzmYFQaXBpGpq8OlUlyQ&_nc_oc=Adk5Il3ub0x-s4-zL2Bm75nlKUC4v8kM-hMwfIrNxy5s9IukYW3_rr5TA3X8-A8_qTc&ccb=10-5&oh=00_Afdqmz2VRnJ12f2zTPZaeRCeV3BqXwqMhXXjDjKHt2KAKA&oe=692B9064&_nc_sid=201bca,1550127578017,S0kbYi8VQ_WxGBZSOrY3Wg,41.906135744447,12.481942170193,318.44586181641,"[1.4271757681569, 0.53922614331659, -0.67879269824694]",0.81800414257572,0.028981140083464,-0.04123256455586,41.906118318793,12.481770876642
488294055921976,https://scontent-ams2-1.xx.fbcdn.net/m1/v/t6/An9D5O4BvNwYXHBKzWLVoAYWxSEN44g9iMi4fEpfu8-QzmbBJuB7Ebn2xuvTK_1l5YktJlS8C7XbS45tyR6WbBkcaTO-AK1DfVE3N4eBTM7hrpNMoDhlUl7aVYwTp19JcIVYLVdZ-4tTGfSP3PZX5g?stp=s2048x1536&edm=ALXxkZ8EAAAA&_nc_gid=NuU4PTDB14lFkur0W5AfJQ&_nc_oc=AdmPuuhtckHmZKTa3ZPZuW0ZUUDNhMd4SSPUvlqSY1JuU0schZOtSBt1Udm3gZFjA5s&ccb=10-5&oh=00_Aff4IM9I49D6D_Gpp2wfagQsKCQes6Pz5a-Oeyp9u599Mw&oe=692B88BA&_nc_sid=201bca,1550127579012,S0kbYi8VQ_WxGBZSOrY3Wg,41.906146407019,12.481936082042,317.11517333984,"[1.4899208370432, 0.54170101426639, -0.66829199807306]",0.81800414257572,0.028981140083464,-0.04123256455586,41.906125951298,12.481762956996
113811547432984,https://scontent-ams2-1.xx.fbcdn.net/m1/v/t6/An9QlJ8f_CqUNiblxnd7dynk0P5119v6NaX6ISAoWc9vAxf9ed8ebq0En8oDE_m0M7lNwsCraDoGjJuma_b2G4Obfy1r1aVElBnHCKymDhZIrJ2PIHFC3CqiYwl2YRrlWjUt8fedGJrMmfGLmrknig?stp=s2048x1536&edm=ALXxkZ8EAAAA&_nc_gid=_qo3Zz1JC2odZod_-0fUpw&_nc_oc=Admy3rihAvumyJtFV5I9XJNDHXnaIDrW9lr0OxUhVkExyOr9RcIxfwWCRKwBgZ_G33U&ccb=10-5&oh=00_AffYIsdn6MQ4EjCPVNyN1udeJpnbGBDsbpvB1FFZflTOfg&oe=692B605F&_nc_sid=201bca,1550127580103,S0kbYi8VQ_WxGBZSOrY3Wg,41.90616042715,12.481926789861,315.53381347656,"[1.4781416381486, 0.50090589592046, -0.68542276801407]",0.81800414257572,0.028981140083464,-0.04123256455586,41.906135614658,12.481750820347
248634643711726,https://scontent-ams2-1.xx.fbcdn.net/m1/v/t6/An9XuZHQ-N1-MKXH1e5ikZQ0TjGoOHUVmMqMmphjrxkzuhiFBYVsOaDmlrRQa0Vnd8QnfpYRvqBOXBmk6a8GtJSeYQuPGffYQA6Y8k5cB_UcNbStCZPtRmL22gM_t1tZzJ3SZB2OMfcOjMtNdWOJpw?stp=s2048x1536&edm=ALXxkZ8EAAAA&_nc_gid=51wtEoO57eRPRfsBzVYQGA&_nc_oc=AdmSj3t9VjIhv1xWgIY3JwvEAios19ty9IzKMjI0M6lU2wBpOiP2jJP0YclkVG9OGsc&ccb=10-5&oh=00_AfeYH9UpZwre5Lo9Xs6kc1q8AXJ8TmA5YGf3Bmq1Ii3lHw&oe=692B80FD&_nc_sid=201bca,1550127581014,S0kbYi8VQ_WxGBZSOrY3Wg,41.906168934665,12.481912825248,313.24176025391,"[1.4460711141917, 0.55660016242174, -0.70005594200386]",0.81800414257572,0.028981140083464,-0.04123256455586,41.906143559357,12.481740122519
335844591210293,https://scontent-ams2-1.xx.fbcdn.net/m1/v/t6/An8DvFBUvQDDYeaV3WvNfRSjaFfcREXXEAal1aLsnuwW18L7GccR4QRxxHoett-ccpdkag-GfQf_hDH-HoGTrruXOGbf64-rok0kSHDWnuilt86zc3ZkddCWfju1wj2YyH2Oup2ERVZ71Mqx01NM4A?stp=s2048x1536&edm=ALXxkZ8EAAAA&_nc_gid=itUdfgc_NidDsJ9oV_Ex0w&_nc_oc=AdmpNbdi62w-AgGDWygaPSov2iNHayxD9KEfdfAkGXY0saKmzo0X5cRp3OdnLLkiZO8&ccb=10-5&oh=00_AfcSTFGY-3eMILgXBJxr1ZFBrJDpXRF5OUcz53f4mJhEjA&oe=692B6CAC&_nc_sid=201bca,1550127582062,S0kbYi8VQ_WxGBZSOrY3Wg,41.90617797766,12.481900656528,311.01007080078,"[1.443390140215, 0.5073494531691, -0.66149389413601]",0.81800414257572,0.028981140083464,-0.04123256455586,41.906152760225,12.48172799352
788758438700923,https://scontent-ams2-1.xx.fbcdn.net/m1/v/t6/An-ZzUsEMEldmyK9yBgV1QMJweRhImZ9IFbAB3h1NbLgx2xi3rgANoUfO-N18qoPySLra6VkgcDEXONj-G9JrJUEPYII6YcpXjQTw2ecWOWqw8HpwLJD_T5b7-nkTlWCBQdd2A1nHBjUDSqPTpoYYA?stp=s2048x1536&edm=ALXxkZ8EAAAA&_nc_gid=4ibhRObKD7Es0ygR2JSQIw&_nc_oc=AdlepTw0bqw2zlW6ck3-p4oLonxUvoZH_K-6MFukYpTq4r3YrBnrlzHd5oYwW4Q19zc&ccb=10-5&oh=00_AfdGYQQFOHDnVjdD8nPIerTnzoCA-_nvewPpzLycBIcfgg&oe=692B681B&_nc_sid=201bca,1550127583069,S0kbYi8VQ_WxGBZSOrY3Wg,41.90618456499,12.48188327498,309.92578125,"[1.4437757659323, 0.54400043753345, -0.71906287420017]",0.81800414257572,0.028981140083464,-0.04123256455586,41.906160305735,12.481718663654
505232827589496,https://scontent-ams2-1.xx.fbcdn.net/m1/v/t6/An_SMeE8ByzDFj9pg_0vOpne6DN6jA5qdXEEwq4IbYIK8Bv_baJW19Sdz673C4dHb2psYgqK190uv0AplleAVyHsHVyxSEu59IfLNvdSND1w_--TCV8apvTyLTJ82EY-weigqik-r1I1cR1eEqFHZg?stp=s2048x1536&edm=ALXxkZ8EAAAA&_nc_gid=gyWh3b_C_rlJs7hIpXcnxA&_nc_oc=AdmttL6K2DGZl3QYIAf7HBhKfz0p6YMvPPsPtpP54-hDka_xng_Jxg_KMSq-cNjM36E&ccb=10-5&oh=00_AfeDPaOW-fzt6f1rI1vlRfyXEzBYgQ8S-fzbCM8uZ2KtiQ&oe=692B6F82&_nc_sid=201bca,1550127584042,S0kbYi8VQ_WxGBZSOrY3Wg,41.906193251552,12.481871126276,314.951171875,"[1.4799742933189, 0.49130006303999, -0.57962671087411]",0.81800414257572,0.028981140083464,-0.04123256455586,41.906168769519,12.481707842047
177630180901961,https://scontent-ams2-1.xx.fbcdn.net/m1/v/t6/An8EdZDj4tBvZhU1cW67HamxkxiF7igWGDSby8-tGJW7FJkMAR1MSzhyhrhVZ1sjr_9o42cZGt4YsEaNTKM_3owyiVxKkt_8p_LVXUNtmTLh3QM5g8mtwt_cpdzYnCEHtIinXD1ilyXCHNKrHqDZvEE?stp=s2048x1536&edm=ALXxkZ8EAAAA&_nc_gid=I07HkZul_LKyJhuW_GtaLg&_nc_oc=Adll6fo0ce0Ag6I9b2MvTrzvOctOuhZAeclgqUEWGxMYB26lfkMnuzWCnIztFjXDDjU&ccb=10-5&oh=00_AfeMRjf2X5tkJpCnlEQgkLGDUcq808e46ap91B6jhCjzyg&oe=692B6D21&_nc_sid=201bca,1550127585063,S0kbYi8VQ_WxGBZSOrY3Wg,41.906192461302,12.481850402309,319.79400634766,"[1.449525598166, 0.48729541863816, -0.58747396548918]",0.81800414257572,0.028981140083464,-0.04123256455586,41.906178417187,12.481692705989
1637329949801221,https://scontent-ams2-1.xx.fbcdn.net/m1/v/t6/An-Z5ZsGuYQY-dAH2qkvTu_gnDC4cLFW8IqnQDwkf8ta7ovlUm9-A4rHFFgJTRMQ8xyBYStsl2qC2XNkCe5nDF2jUtMhueByop6WylTwO7cthfgf3OIGTt9HS-p0RL3DYaO8I2C6a_xi5YzTRLe2FGE?stp=s2048x1536&edm=ALXxkZ8EAAAA&_nc_gid=kGjnJ1ESQA993T6mylv7UA&_nc_oc=Adk79Fni0KxTujZqaMdV0gCJDDRv115f9mtZZqX8n4iXmamsbzqeLPbnbHlNQSIr2w0&ccb=10-5&oh=00_Afc-B5PCJPvDrQ9nKZwQb5DCaYjL5jEoLIu7LSb2WByTKQ&oe=692B843A&_nc_sid=201bca,1550127586092,S0kbYi8VQ_WxGBZSOrY3Wg,41.906198803411,12.481837198317,317.6943359375,"[1.4258115388423, 0.49556938695194, -0.64926706992672]",0.81800414257572,0.028981140083464,-0.04123256455586,41.906186499199,12.481684875981
1420318224985387,https://scontent-ams2-1.xx.fbcdn.net/m1/v/t6/An9cpG01BAFZGCrtZxGBRnCmKCI-50HmWUd79YUugn5UiZXVehy5BOazpE2UkP6f1T7R8urEvfrX9Tmp9SDR-4SVE30f6eJBel4pIbSlDZTv_s-i5YzvWyvp9wSiDoNh9UyQILCs0cYzMPUz01VhFw?stp=s2048x1536&edm=ALXxkZ8EAAAA&_nc_gid=61gbOS81dmXE56ktBXXPLA&_nc_oc=AdmVgpWIRQw_7L6PtUDvMCb7mQCi3K4b71dvpRDl0kqLwktSM9w7n49dloGdeWGQdKE&ccb=10-5&oh=00_AfeRTh2yguvoNVCW5QgGIkNfwgsyTjMzACF_Hu3xgH6Vwg&oe=692B8D50&_nc_sid=201bca,1550127587091,S0kbYi8VQ_WxGBZSOrY3Wg,41.906208261445,12.481825561442,317.14343261719,"[1.4694840694398, 0.51401173481952, -0.61300937066906]",0.81291208405478,0.039514784240957,-0.055435008227648,41.906194132446,12.48167729623
372682857469137,https://scontent-ams2-1.xx.fbcdn.net/m1/v/t6/An_GM_ErlHOWVnK5vLOMiFy9VTIK6nvuXzEl8e0uYOQQBcH3x1UxsgSfFz3WWVe6YFi5yYEA7utM2sMW6hx9EM8DbeUtdjG_hwZEsJdeaZoLj75E7osvr2PbpEIjO74xd5J-xIp4Lnh_TRsfRp_IlOQ?stp=s2048x1536&edm=ALXxkZ8EAAAA&_nc_gid=cNccCpCmARrprtA8JkNfXw&_nc_oc=AdnfxTs_OE3dzCnGPELfG2w_irSkuKwx-Zodh_DFKisf41mBmebn1ZD2Dh0Dqt5hHCg&ccb=10-5&oh=00_AfdYW7dSTMYNiO-kObPz6ZT-6L7eNjAY_HnUwxRGo2zRTA&oe=692B9298&_nc_sid=201bca,1550127588083,S0kbYi8VQ_WxGBZSOrY3Wg,41.90621703589,12.481813866137,317.32098388672,"[1.4615063978499, 0.5041625226336, -0.62789810997307]",0.81291208405478,0.039514784240957,-0.055435008227648,41.906202251933,12.481667396466
234149291803603,https://scontent-ams2-1.xx.fbcdn.net/m1/v/t6/An-BoIch1L6josFq0fS_P9IoqrECXFAx065-6Rmt5ZW1kkytGKI2IIc8_Fs_EfZahA4h9qN14SKovqgn4ajAB_U0zCmDXd_M205zSMoZ4bcsxkSsSy9jugQTsc23T99UTeFj6-FbnxzTquUuED6YSS0?stp=s2048x1536&edm=ALXxkZ8EAAAA&_nc_gid=wFowVBOExG9aiBrxjfaBFQ&_nc_oc=AdneaIY4xMGrMxA-haJRYHMzrRejP3u9CazD2pjM2g_CoD-CSPtja8okoDspRMWY2Io&ccb=10-5&oh=00_AfciS8ovSHvP11Eu7lG3vm6YDY7VuaFSTyaAAIlhvwhysw&oe=692B665E&_nc_sid=201bca,1550127589068,S0kbYi8VQ_WxGBZSOrY3Wg,41.906238170621,12.481810840401,315.99719238281,"[1.5068824081805, 0.47682792701199, -0.61219022153506]",0.81291208405478,0.039514784240957,-0.055435008227648,41.906209937674,12.481656865735
316147433229878,https://scontent-ams2-1.xx.fbcdn.net/m1/v/t6/An-HW3kirH56uhtZcvyp8SMUH2ekgfepacvKifr3TUGu-gSCnIJrETVTKIVw-5OQQFqVWo2LLi8aR1Aaj29dqOiwnO8UXpNxw4M0bbjPaQuqFkRPzViMZj3Q_0HrvoF1l74_jsK_eWmXs-Yl1IwwPw?stp=s2048x1536&edm=ALXxkZ8EAAAA&_nc_gid=TpXXEmcpU6osdWw4eP8KAg&_nc_oc=AdmaUuyeFumswPeO0XN87e_R0s4GVF2MlsDvfETr1wOMOSllXLPzDPDUqak9HIDQj4c&ccb=10-5&oh=00_Afc0viHPhR7maYDr-mS9xtquvIBo4ZhukXh-DQhOQpoPxQ&oe=692B6591&_nc_sid=201bca,1550127590063,S0kbYi8VQ_WxGBZSOrY3Wg,41.906243252151,12.481798554456,315.61920166016,"[1.4703934670895, 0.47310566959716, -0.59265215145783]",0.81291208405478,0.039514784240957,-0.055435008227648,41.906218663252,12.481645976743
155802506495884,https://scontent-ams2-1.xx.fbcdn.net/m1/v/t6/An_rB9ftLUSPbw2T1rqoZUtV1Z5r0HazVfSJo1KWOpN9P6B7lvziKivkYHenWTPw3zFxVDf2OEVqC0rWiSil0mqaqz--ywkV-wkq96C06d3EwHp7BvgOXK0cWVTdDyNEbT1nf-DVx3aVMJo6bAUmzU4?stp=s2048x1536&edm=ALXxkZ8EAAAA&_nc_gid=aZPuEpfxhM7R97zMZ83rRQ&_nc_oc=AdmoWmXORIvNZLXHPEp9bCm5Zw9toXlT_JobItWZUL-8oHDo5Pm7-04jKlLc-g9wcL4&ccb=10-5&oh=00_Afd86_oJ_1__JEFj5Atnqwn9xtiMFvMVxoeNIaZC4OfYNw&oe=692B8557&_nc_sid=201bca,1550127591073,S0kbYi8VQ_WxGBZSOrY3Wg,41.906250319376,12.481786756805,314.29638671875,"[1.4886514041107, 0.5231904617835, -0.61661134628945]",0.81291208405478,0.039514784240957,-0.055435008227648,41.906226137261,12.481636140025
888322191749612,https://scontent-ams2-1.xx.fbcdn.net/m1/v/t6/An_TIvzDp4dByTqifLMWrQnei0BOuOb8sGdkYR01fbzPtX7-2hKhKqMhZXpto9-4zD8McAg1n02UvFHRR5T9sVzz3SY31wm5clryvTj6-MOak_opj6FOqRVwXcaNQNNm0slNkPUb17v4me7SuLf8SQ?stp=s2048x1536&edm=ALXxkZ8EAAAA&_nc_gid=N1yBwDNrnw3ZXtoiQ6dHtg&_nc_oc=AdmW9epKwztfklGozwRuHnttq0FUObbymzOW4tg5O0yxGBQBxC65Aqf7Kw-uP7XtpUI&ccb=10-5&oh=00_AfeQegXBMOzf_IFvCF01Cmv1-gE0BcLPwSwTm6v0AD0OxA&oe=692B7AFE&_nc_sid=201bca,1550127592023,S0kbYi8VQ_WxGBZSOrY3Wg,41.90625708759,12.481774597371,314.55041503906,"[1.4393549594323, 0.51581146659914, -0.64383805097787]",0.81291208405478,0.039514784240957,-0.055435008227648,41.906235498638,12.481624425308
612515993051592,https://scontent-ams2-1.xx.fbcdn.net/m1/v/t6/An_n6Hd7kgwwe1mNp0zrZq9YL43TYJWE69QOIe7ZGMxSi85JvkmtzkfMV6Jf-Rh1pSafpSxtVLdVoTcSANqIqILYsTP_rK_AujXxV6wg1GPv44dswwpMs1gfua9Eb3ZrwewIRCZUtQYSMyCOIFsZVw?stp=s2048x1536&edm=ALXxkZ8EAAAA&_nc_gid=6m7eQ3FQzP8wOQf4_qMdDg&_nc_oc=Adm4-6-puHbn2n7XnaRWVecugiNyJ7GIZXcr6YGA-ms3IHqJq7z9vkuok_oU0LdtAUw&ccb=10-5&oh=00_AfcJB4F6asJjs8rXRLnnXobLgmzWymWP6OXxG7lbHDjkng&oe=692B968C&_nc_sid=201bca,1550127593021,S0kbYi8VQ_WxGBZSOrY3Wg,41.906266202474,12.481763236477,314.19799804688,"[1.4544715569065, 0.51307928183973, -0.65452586218559]",0.81291208405478,0.039514784240957,-0.055435008227648,41.906244097933,12.481614897722
581387889500547,https://scontent-ams2-1.xx.fbcdn.net/m1/v/t6/An877QcaBBaaDlrzpQ8GJIjEDALwsPFC3AIMmJE4BbSmmKkaVK8WRLIZnmtoCO68eGCSrPdqOWRrbcE3yoj-JCxM97-_LH5H93_dVGePcKoAXYz-W7gWsc4SpDvb92tIttUr4MqWxQoXf9RlScdvUDM?stp=s2048x1536&edm=ALXxkZ8EAAAA&_nc_gid=1Erm4jBYkQiMDAJWA93VkA&_nc_oc=Adk6KbL9Aeleloe3CPpKN8G76ykg5fD33ey0EnDJtSHkFQXWM_qKyb74UurnfgTmQQw&ccb=10-5&oh=00_AfcoqqPd6HD67G94KEDCilkhwrWDIceGzYvq-ZDYbyLRfQ&oe=692B93DC&_nc_sid=201bca,1550127594007,S0kbYi8VQ_WxGBZSOrY3Wg,41.906266781315,12.481749530987,314.55377197266,"[1.4552853410281, 0.57563912605847, -0.64478271959446]",0.81291208405478,0.039514784240957,-0.055435008227648,41.906251539428,12.481604676519
527875755263689,https://scontent-ams2-1.xx.fbcdn.net/m1/v/t6/An-8Tgwc1iDHw6-1nPfqWHr_ZVGEswnqRa0CXVYo7xWlG7x_30kcXst2fu_hPC67sf-EjJhQG7DBVY0mf9Nbl253giBm3l2ybSyWiq0zXjoUxWesSuwdYMjrPUaFiG0X0PJAOyayvRXv7C97JMDC6Kw?stp=s2048x1536&edm=ALXxkZ8EAAAA&_nc_gid=FYLg8x1nHRAJ4tf-SZKn1A&_nc_oc=AdmfoN8h7lYVbfjnMsxR4f1zH3VeLczVzApNepcjCOHzgySWoQ7TkMYBSr_JqpXLrEk&ccb=10-5&oh=00_AfdvHbl3jgKUehtB6hA8z-NhZdKsFVXrR1CoVeYuzNzScA&oe=692B90FD&_nc_sid=201bca,1550127595048,S0kbYi8VQ_WxGBZSOrY3Wg,41.906275615925,12.481734963893,315.30151367188,"[1.4452184904567, 0.49871239352991, -0.584598840979]",0.81291208405478,0.039514784240957,-0.055435008227648,41.90626174768,12.481591474128
525587638606825,https://scontent-ams2-1.xx.fbcdn.net/m1/v/t6/An_ACDOp6ofWIOKQrPA9iM-4-oT20Lne9S7i8TBwVKZYTmtqfoOwheTxE6fAEdX7GQ7L1vmMSXtY7e_89qTBkvN9803ea87VJzC4EeNH9CW01P18EgvvK5JVZUV_ezdzk0rtM6L_KkvsPGUBlKmRnA?stp=s2048x1536&edm=ALXxkZ8EAAAA&_nc_gid=htgsp18Yz5v5PQujWfoSMw&_nc_oc=AdnRGTed2Pw1MvQVcWxevJKpM0GXnINL3L98ImBvM0k5V4x9euaHDnwfHnisgJymsrE&ccb=10-5&oh=00_AfeY17DdvWaC4_1tHEWA8O8QsZLIDHPR2j9e_5IJM8hMZg&oe=692B8FD3&_nc_sid=201bca,1550127596107,S0kbYi8VQ_WxGBZSOrY3Wg,41.906283241827,12.481722740552,319.67419433594,"[1.4806539971379, 0.25086118954489, -0.41083672953469]",0.81291208405478,0.039514784240957,-0.055435008227648,41.906269525224,12.481584332048
1141189789728712,https://scontent-ams2-1.xx.fbcdn.net/m1/v/t6/An-fnKNJBrV49ptpaXCfoV3UnxAL_OjWgbLV4VxlgLCRoujFykR_tfkfknL2a5M7TiB85XNys2n0-W0hQCfefwdbQ5F3yIJuchmgH_ux39R8_Zn-mPkQ4JKC5094fNh4QBXryNNDww-kTQVNLPETTg?stp=s2048x1536&edm=ALXxkZ8EAAAA&_nc_gid=1KNvkQhmd5YCTF-d77YtXg&_nc_oc=Admi3O6ZXQpHft31eUnMnEWNMmE0Bz64ZE0ZTHvaJ_kHiWnJF7mwO0A8Kv6UJ4Ao-U8&ccb=10-5&oh=00_AfeJSOUeA45Cse7iTlRueqCo45rTsbMzn1nUMvUiq92h0A&oe=692B70BA&_nc_sid=201bca,1550127596792,S0kbYi8VQ_WxGBZSOrY3Wg,41.906291471215,12.481709514254,333.43316650391,"[1.5661150428398, 0.27490088427792, -0.29475484437429]",0.81291208405478,0.039514784240957,-0.055435008227648,41.906273233274,12.481578390953
203794024725488,https://scontent-ams2-1.xx.fbcdn.net/m1/v/t6/An80XHGDRJFeAxB9s-WCJiLbCniV0PSP1GH2j7-dELlUdthzbEZwuSHHMODFeCtLTtUpM23ivEOJykqienoXCG10tKqopplnudKkTqvzDnGqJlw01oa8HHWoV0rWr749SANTZt13aNj-kz9dvpRtVQ?stp=s2048x1536&edm=ALXxkZ8EAAAA&_nc_gid=v5dRSYPs7UImlDvyS3omYg&_nc_oc=AdlAwyGhMPUJiUgZ0Y9Kl0YD5yBsh2GIaSQT5eHTj237lsj8HtvlPvNM3-pteATSKqU&ccb=10-5&oh=00_AfdFVVfhlzfG_O6gxBG6oca_IDhtG7blhS6DjwgwH4FxMw&oe=692B8421&_nc_sid=201bca,1550127598015,S0kbYi8VQ_WxGBZSOrY3Wg,41.906302724887,12.481721685707,313.05908203125,"[1.537782660183, 0.43863342372606, -0.51359140914257]",0.81291208405478,0.039514784240957,-0.055435008227648,41.906284352947,12.481569087297
522708595754983,https://scontent-ams2-1.xx.fbcdn.net/m1/v/t6/An9UjOVd3-4m-gmL7qnb_u44BWxQYPPDMHaSWGw13zrq6jGpP2x-y4n9LZ_M8M-iyuiW8AAX1AHXK2RDnNKOpJAR_m1uwC_vcgQxM8BRqD5WmY3cYP5QngAx2iCMsGIvd2hxNl8tlrXARu8zBn6aZWc?stp=s2048x1536&edm=ALXxkZ8EAAAA&_nc_gid=TPywA_9TFRmZT9FRFRJRAQ&_nc_oc=AdnAZYWZKQHw2f8kpY889-BL0gmvXl4P0YFSngQV0JP94ley9gc7gLZ0kKAaqCTkni4&ccb=10-5&oh=00_Afdr-N7oTnyxwpt8zDPx8WW0OL7n11_B7E5kwl1Sw0-6QQ&oe=692B843C&_nc_sid=201bca,1550127599083,S0kbYi8VQ_WxGBZSOrY3Wg,41.906291778258,12.481701885184,323.53234863281,"[1.5467257848723, 0.34814563192398, -0.3925531004596]",0.81291208405478,0.039514784240957,-0.055435008227648,41.906296410697,12.481565397088
169284061674489,https://scontent-ams2-1.xx.fbcdn.net/m1/v/t6/An_B4QbRSsvNsZ46ccS4vis6FCPbgkdW8bjodLEX7B4R2gmJfb8ABCRiZ8IfafeT8vS516SJNg5uBYZ2FZsJkm-b6P6wlpJoaOa7CV-6pHjPhxob-ObvQlGhFwx47DuYshXFPCc3PFiONxQTwryTxg?stp=s2048x1536&edm=ALXxkZ8EAAAA&_nc_gid=CxGofBOBuAaGEDsEdEqNww&_nc_oc=AdnxZtaxd0ffruvX7z0WSzyGgmTH6SETf48IenctFRMTFDOFOnqZDSIxIj0sBSNGw7Y&ccb=10-5&oh=00_AfdR6L7G4UUbMfm2omPFRIp_-vdMW5IyHVSWn8Jozos2Zg&oe=692B75E7&_nc_sid=201bca,1550127600088,S0kbYi8VQ_WxGBZSOrY3Wg,41.906298199133,12.48169007698,327.00238037109,"[1.5209524325085, 0.32026067022773, -0.43552647982323]",0.81291208405478,0.039514784240957,-0.055435008227648,41.906306262178,12.481563896173
214786096833734,https://scontent-ams2-1.xx.fbcdn.net/m1/v/t6/An9q3z-eLvwPgFy1D-2f2AymeveoYNx5OVkNcjZRV3gO819X-rJo4-yhoN32R0-GG8yEXV93JY6xCEUyXvgeULAV1W8O84I1dMN8S-ug8OGqzFXhOfxGzoKb0MGnCRJ8HFgDj_3PaKuz4pXsm47veg?stp=s2048x1536&edm=ALXxkZ8EAAAA&_nc_gid=fYvATSDMO3KcBqxvyI7bJA&_nc_oc=AdmthFbuiyK_tFSTiJS3riukDPe3zssACINBca4h6s65Y19Odr3I6503C7GP0RbEULM&ccb=10-5&oh=00_AfeK_DeQmTAX6WT1eFdbTyVPC0j0jZGJ1_-IlWuWlnbO6Q&oe=692B8ED6&_nc_sid=201bca,1550127601053,S0kbYi8VQ_WxGBZSOrY3Wg,41.906306564593,12.481676548161,329.65380859375,"[1.5087505653858, 0.40644621918263, -0.54741053209382]",0.81291208405478,0.039514784240957,-0.055435008227648,41.906317265986,12.481563819827
755524828457070,https://scontent-ams2-1.xx.fbcdn.net/m1/v/t6/An80bkMMLQ4A9UCcBwsqQgBdEF8zo68ajMv3rWEvW1Ba8GHeBIQ8m-maTTCLlTxf3QY_V9zryobWMBDORv3ugdsPYrhJD6zoYHz4LJ-ts36eeQ2fCMMsTJjhNgi8xKaRxy-S8FiwabTcjOtb9042tA?stp=s2048x1536&edm=ALXxkZ8EAAAA&_nc_gid=2_3E_hrWk39u03Wf7b47bw&_nc_oc=Adm6M3Esd00gDPwJUO85OFgdJjJtooUZeoNsFfWNf6nfmEMjAmb2uUcxme-WHoLEXs0&ccb=10-5&oh=00_Afcgdux4Epp3XzaJc3cHAQhwAhW5ZRm_eRhut8qEZTfqQQ&oe=692B6F3B&_nc_sid=201bca,1550127602078,S0kbYi8VQ_WxGBZSOrY3Wg,41.906311807736,12.481662574487,325.41583251953,"[1.4846953871879, 0.37234685365898, -0.52000105804224]",0.81291208405478,0.039514784240957,-0.055435008227648,41.906330398184,12.481556599676
304899161162720,https://scontent-ams2-1.xx.fbcdn.net/m1/v/t6/An8VBiQAmQ2IuiFX2zVEL6TSk1UHqeA04hPFSEBNVQ7x7WdsRnZKdECO1elsbGdyEaf2be7oVfGFNcliZWdFTvAPev_jJLA45j0uvGsFSxcQXHp1rlTC6cx0Bofac77O_i4-g2b6qzMZrO_CiLUCSg?stp=s2048x1536&edm=ALXxkZ8EAAAA&_nc_gid=AKnCFT_SqYfz9xNQ7kzmvw&_nc_oc=Adk4T2o7yxY9QbkFyKDQFWF0LD6zYOcu46VYCOw-Y_dLPfKtc-dabw57C7LWPbqvZhA&ccb=10-5&oh=00_Afeerhrd_hJCjSoDlWMC_ozEvNEhnw8jaw-fH-7YuyHtEw&oe=692B6A5D&_nc_sid=201bca,1550127603028,S0kbYi8VQ_WxGBZSOrY3Wg,41.906320380107,12.481649192524,319.65875244141,"[1.4437739648461, 0.45959900014711, -0.55515717306036]",0.81291208405478,0.039514784240957,-0.055435008227648,41.906338801699,12.481552069807
4061209447235223,https://scontent-ams2-1.xx.fbcdn.net/m1/v/t6/An8bJx5Quz5gbMAHMSoFzljSHU-mqgGG0rNeNsxdDVhyB0vZ29xz8tuorCve1_PPPUfzkr41chRZSmbNPmWH4wPn81dIMaQf6Yqxf3xXhkzq3dbk2k5M3rq7iS4TkPA-GFzXy-_wITCOUi_pgFsflw?stp=s2048x1536&edm=ALXxkZ8EAAAA&_nc_gid=HiymXltTAqeojc-uchr9tA&_nc_oc=AdlUjzVk3VnIZJLE6ht-3rAkTIQH3R92VbEmAnt-fi6AkWkz5XilA7CHLdBM2HU1Q9g&ccb=10-5&oh=00_AfeLTckAne4LJgIDx9t7xq4eYBPnCM2z_gUYEWMCtLC4tw&oe=692B8604&_nc_sid=201bca,1550127604088,S0kbYi8VQ_WxGBZSOrY3Wg,41.90632871333,12.481634722195,319.10522460938,"[1.5025725816916, 0.46783725008637, -0.55146616917396]",0.81291208405478,0.039514784240957,-0.055435008227648,41.906347919361,12.481545388899
895003237714718,https://scontent-ams2-1.xx.fbcdn.net/m1/v/t6/An_uphBJY-hu3-HJtKZ-BusBrqWzkgw0av_lwJUXXJRlRluIDR_hFv0jW6rojQKTiZIpSooU1XpsbNi7BxJe4sUiC09FlPevqwWGu4x18B7CUk1il6vbsfFvOA-8Jn0vBJpej8Yee2RFWvVMjvPp7Jo?stp=s2048x1536&edm=ALXxkZ8EAAAA&_nc_gid=fIiFvJVYR1y_ht7Tt9UNKg&_nc_oc=AdkefwPDXF2vyEuvLCAHqboU3VetMqy0UKDT7xr7jeIqdbCvyXe2S0A1Gtla1V2UlYM&ccb=10-5&oh=00_AfcZ6yaM4JAjIWb8iv3bDEkbsgjS1MUCPTjqVUdf3Xi7Yw&oe=692B8B50&_nc_sid=201bca,1550127605020,S0kbYi8VQ_WxGBZSOrY3Wg,41.906336633163,12.481620956242,316.48046875,"[1.4937129626587, 0.50496103101305, -0.56966679336618]",0.81291208405478,0.039514784240957,-0.055435008227648,41.906357005847,12.481536403287
517162169314766,https://scontent-ams2-1.xx.fbcdn.net/m1/v/t6/An8hNUDg6nXTf9C12bhIgdk48eRcZyRpaYpL8WwiyywY6LS8DFn7yyI6ZkVdva3BcV2L5wCG0zB3i89htD_rCDRLDwBVP1W-w-jUGvibBX5qHLZ5hfjnHd6Y8dctC3QauyMPAgHpIDTTE6cxDu-9BA?stp=s2048x1536&edm=ALXxkZ8EAAAA&_nc_gid=FKREzNLY4undEYF5d8cfBg&_nc_oc=AdmtXwlJkqloO73oDQMhcweZowiUg7hFNb_FVEbq6TaJ0uVvUS7I21kMIMwhcxTbZ3w&ccb=10-5&oh=00_Afe1LPrifsz38MYMj5Y7cvnorGanBFZZppEYPzkU2zPuRg&oe=692B9184&_nc_sid=201bca,1550127606025,S0kbYi8VQ_WxGBZSOrY3Wg,41.906344588724,12.481608140996,315.51232910156,"[1.4745898012441, 0.54045475656855, -0.66754657111055]",0.81291208405478,0.039514784240957,-0.055435008227648,41.906365185394,12.481527678547
310769060409655,https://scontent-ams2-1.xx.fbcdn.net/m1/v/t6/An_RqMYGzzG-GcbuNw2rcGsl5MQ4Yg2aoh_HDX9fTCaKBPYCxeSLEA8_7TyCeQxCvKXcqs1Pif0NZncHlEVOhMKqSZfqr10_Nc3MyvjcYIEEKr4ecuKGDgg3G_bCMNT6IRcAD4pf9NRlQrucfk3PgQ?stp=s2048x1536&edm=ALXxkZ8EAAAA&_nc_gid=jJV-K32tMUgluoYyC2V0bA&_nc_oc=AdlU3Hpi9NY3AfugZFreM7vPtmt_DXbeDmYU8_b6QWW6QxBBqOSDH5Eq8jgektEaAgA&ccb=10-5&oh=00_Afclb57_lWtM-STERweA8A0dYD_F9P4shjrRsy7T9CcYIw&oe=692B6D81&_nc_sid=201bca,1550127607076,S0kbYi8VQ_WxGBZSOrY3Wg,41.906353515013,12.481603608302,316.41864013672,"[1.480687313957, 0.51848873890309, -0.64963570899112]",0.81291208405478,0.039514784240957,-0.055435008227648,41.9063739624,12.481517654894
173547701231029,https://scontent-ams2-1.xx.fbcdn.net/m1/v/t6/An8Qr92Cn5tt9s4IPJSydYVMfZVbBn9GdMAOPVypos3iE9-aXnIDZ6d1bts2taPNEw8lCbcC93u_I64anxp-S6C0302LBCkpycYugQMDe_bkBJ_ixW1G-1PuWttBgBj8BLeK3fC8jvAFFwaowk-kX2E?stp=s2048x1536&edm=ALXxkZ8EAAAA&_nc_gid=pa2vkZ1CMGXYauKrM-uxgw&_nc_oc=AdkaOtsAxtGbXPgBsJekmN7ehCD6r7_U2oiw48nJyd9-ytxaLI6pMeT_HvyKylvGZMo&ccb=10-5&oh=00_AfewU6DoSS9C85efYqHsYHP_hIoAlMQFbrlVHuAasIyOug&oe=692B70A6&_nc_sid=201bca,1550127608008,S0kbYi8VQ_WxGBZSOrY3Wg,41.90636435467,12.481594302251,315.0244140625,"[1.4684659598259, 0.52435453593386, -0.627201061507]",0.81291208405478,0.039514784240957,-0.055435008227648,41.906381460044,12.481508477596
752710185440008,https://scontent-ams2-1.xx.fbcdn.net/m1/v/t6/An_vSenw25cVfqtELfxWtKMdPdNQpyNLMgy54Oaix41qaxKBKJnmjekzalRBNH8as1UqCXmy5BaP6ygdMiLlnL7cjBBWWRLmmYIbu3Rxa5yOSsRXs3_Iw6jlevFRrL3UMz29gxmjGN_M4rEFLwDEnA?stp=s2048x1536&edm=ALXxkZ8EAAAA&_nc_gid=rJkOa1p6HiYXDh14ozp3vQ&_nc_oc=AdknbxNGRqxQI8CbTl2UoRbHR_7aX-DjoJxfSQ4jiKdKQCWCykTa0NeFo-0blnM5qcs&ccb=10-5&oh=00_Afcw9vrm03iDe7G8ZcRhSipaa5vXi8THG9SicX1sd49Xwg&oe=692B66C5&_nc_sid=201bca,1550127609002,S0kbYi8VQ_WxGBZSOrY3Wg,41.906371263311,12.481579716908,313.63934326172,"[1.4709561353246, 0.48151218701538, -0.59480870335434]",0.81291208405478,0.039514784240957,-0.055435008227648,41.906388656428,12.481498929929
3736317583146995,https://scontent-ams2-1.xx.fbcdn.net/m1/v/t6/An9MNQJkDxESOdHhdp5Ag6JcUeL6XZB_0rZ-ZQKpLIa_WrZqynZFpBdqGXyrNqkRnBiRR65-VqslbSsKc6IuCdLbCkZyQtyz6blA_Xsj9mz1JFTy2piRbqGtdO5b_R_2GHPUOyObR2nsmeNIeK76bA?stp=s2048x1536&edm=ALXxkZ8EAAAA&_nc_gid=CxVyiPN1T6MNAZ_kqh6wBQ&_nc_oc=AdnVMPJyWoTDrgfeSy5GB_p48XZz3BINJpxDJwawX9kb2wrvXfQ0PtK3Z1BeyRB43Yc&ccb=10-5&oh=00_AfeYOCfYKo6_gphJDkwnrtr219cPQ7DAH_x1OyMy6Gc5vw&oe=692B7785&_nc_sid=201bca,1550127610015,S0kbYi8VQ_WxGBZSOrY3Wg,41.906376186463,12.481565047318,313.03601074219,"[1.511298169018, 0.49944360259868, -0.60865588622756]",0.81291208405478,0.039514784240957,-0.055435008227648,41.90639723021,12.481488639079
516232789557074,https://scontent-ams2-1.xx.fbcdn.net/m1/v/t6/An_pKjneMhhB2TwgCoXvCDeoFCDbhGxSlUJTVXhrAgOXTwuK94ZDnG6tNAvgwb0AO3XCK0DVoxmVauZq7BgtQi16JBnHCVThHeXZzdek8nAnON9bp2Xvro9cg5RTJCk-iLCzXTMwnx1ZYcTGdTEAPg?stp=s2048x1536&edm=ALXxkZ8EAAAA&_nc_gid=pK1e7UT45h63oLea36pFSQ&_nc_oc=AdmPciyb5pa6XMHXsi5rYEnu_7LjJo3dHxGx7oMfTJhHJATdGLBKJ1Erx5RYWSoQB18&ccb=10-5&oh=00_Afeg7J52h4xs88aM_mYakC4Mexn9I_xBEO1nmVD8u3nnow&oe=692B7FC4&_nc_sid=201bca,1550127611029,S0kbYi8VQ_WxGBZSOrY3Wg,41.90638066182,12.481553587593,314.15356445312,"[1.4483058644355, 0.50478168067022, -0.64165416862573]",0.81291208405478,0.039514784240957,-0.055435008227648,41.90640289583,12.481482412276
814777059445023,https://scontent-ams2-1.xx.fbcdn.net/m1/v/t6/An8qqTLK5YKQYnCCQMjoVUoZ1UeYlm1jLJHkl44XMg0TvZwx4f4Yh0d6vMizQnRoVt2k8zAPw9EO8fYZZQ7kiDZPocicUr-PM-rH0RcCwWECYg3kxWDMpWSLaDgmIJ5664pj6yWCgZbVFVbai49iyw?stp=s2048x1536&edm=ALXxkZ8EAAAA&_nc_gid=sitUapCFi1cLQu6Ug8MG3Q&_nc_oc=AdlKEs2SzOJCpxhadiyyLI7qESBkiSUhWRS4Fgw0p2UsefogD9aRwiMk9Os6jpLbK8I&ccb=10-5&oh=00_Afd8koX9UwtLhYymwKrxQGFN43W5m0YTh47lXWtdEoSFuw&oe=692B5FC9&_nc_sid=201bca,1550127612065,S0kbYi8VQ_WxGBZSOrY3Wg,41.906384885307,12.481534033113,312.67663574219,"[1.4981601049546, 0.50521739647288, -0.63007044731368]",0.81291208405478,0.039514784240957,-0.055435008227648,41.906414077715,12.481468949982
247353410505415,https://scontent-ams2-1.xx.fbcdn.net/m1/v/t6/An-Zxd2jKUffMGlR2ZwOKKvdiyD-yj-IOGssl4wS5vVcYibf50j4SF4Prxx7W8LBS_KpAoWuaVG-MqiNVNVHiYtW_N--2rNRh6NkvWGrcw70jw8of1ZmI6o_TGqri_NmqOo3Brst9UZMmpjrGwRdxA?stp=s2048x1536&edm=ALXxkZ8EAAAA&_nc_gid=mDTSZv4Qx8f_boWnR7I8cA&_nc_oc=Adnljo-kZ_xYyI4ecCHpSsiZR4rWcfm2MGAd4XaFI0S2-pbC_viq9Ek_xG9BxJuP59Y&ccb=10-5&oh=00_AffJP-AloffD9EDc2tLFeqve8O8ntWLFJ7KSQFs4Ncjx_Q&oe=692B8A05&_nc_sid=201bca,1550127613016,S0kbYi8VQ_WxGBZSOrY3Wg,41.906391505426,12.481520430461,315.12786865234,"[1.4609588986141, 0.51472077306259, -0.63909277513939]",0.81291208405478,0.039514784240957,-0.055435008227648,41.906416967024,12.481465539449
1414497498903528,https://scontent-ams2-1.xx.fbcdn.net/m1/v/t6/An88gO1cX2FL11b1jgTJqRo8KIPPAk54xdwqemKV10QO5HS91T0iCozguc3mEn0GwGFsRtE00kZu2oZaXbaPkF-1sbdAChPTa-oIxNqEco3i0ggSpn5iO6jBERfNHOJcwfDNKVtQr-625mijeggTjQ?stp=s2048x1536&edm=ALXxkZ8EAAAA&_nc_gid=loidDpPMNRgI2Pz6L1UcYA&_nc_oc=AdmCtZYSM9vZfSkcRJiboZbecjdtPmy_DDbtc4r9gGJT-84A3xW6R59UPyQ8ikMRWxg&ccb=10-5&oh=00_AfcmsJN5MJ0yd4frVja-UKvkmMA_axhROVfNuzLjwWKn6Q&oe=692B6E88&_nc_sid=201bca,1550127614094,S0kbYi8VQ_WxGBZSOrY3Wg,41.90639564282,12.481504455564,314.76495361328,"[1.4819752787333, 0.53067711568198, -0.66509245954761]",0.81291208405478,0.039514784240957,-0.055435008227648,41.906430077229,12.481448307475
176958570975681,https://scontent-ams2-1.xx.fbcdn.net/m1/v/t6/An8IXwMuDjev44P19vvMvTKdBnfmRrqVABkiGqRl2PxeIkiQZynq5gOnL8iNFGlXovbFMuhyHBgRJoZavJ6raLtHl23EYLVo_HATMHvME13gR8lLyB67oQ2G8tW51cpTIvPTLnExAqOS62sAqDtjaQ?stp=s2048x1536&edm=ALXxkZ8EAAAA&_nc_gid=wJn-zsvE_MFNvR33b2QICQ&_nc_oc=Adk5tr_Yf4NkwIbu40B5_tTU1iqI2e3dqP3fvX-oaZaMujrO9RtW67xHRXboqkRBT1U&ccb=10-5&oh=00_Afdp4i6ZDgF8ZvrgV0_Fm3n-3xASo6ToGjpK80C6jMNB4Q&oe=692B7884&_nc_sid=201bca,1550127615015,S0kbYi8VQ_WxGBZSOrY3Wg,41.906402570425,12.481491413588,315.56774902344,"[1.4992219999, 0.50091158452435, -0.63804189617514]",0.81291208405478,0.039514784240957,-0.055435008227648,41.906435629674,12.481441255691
874933963097007,https://scontent-ams2-1.xx.fbcdn.net/m1/v/t6/An9eYZ02CREZzyuI0iG6ftZAEkR22G66ZESkpLdndV5MMjUkBhpc8XqmR-aUpjezk7gDqwjT0yKDg7_n4LjZ7_10Y6htdyZPkS3rHuipwjlwg0UuwRsmBC0wa8_Jq-8TMX3_12t-jSWzPC4fm4YwAA?stp=s2048x1536&edm=ALXxkZ8EAAAA&_nc_gid=fwVGDxZwbr357Qw3NPj2Yg&_nc_oc=AdkaHFAXw-j8nDDRIR7ZFOhUpwIcCJbtoVb2Razln3qdDGinJbnaolbyhI8Z5S2RBEI&ccb=10-5&oh=00_AfdilWv0biSDV9bIQf0G0fDsYhFm9QCJvrQSSDlBffWm-g&oe=692B951A&_nc_sid=201bca,1550127616021,S0kbYi8VQ_WxGBZSOrY3Wg,41.906419847251,12.481484135534,315.34222412109,"[1.4902618444629, 0.50060017688725, -0.59765942672787]",0.81291208405478,0.039514784240957,-0.055435008227648,41.906441177404,12.481434167138
4383884718289873,https://scontent-ams2-1.xx.fbcdn.net/m1/v/t6/An-h0OriYi91kHTiETLAS7knFwQ9RAIrkHx-lyvCXFGjnwxEpaV-tV_NxOhFsQDSwyjf9zZhOMLs0PZAdKON3bCkq8rEeNM-UHImbcAFqQGYzLja0gOmunrWDZJUrGSHbMLkBnQS2K-86rKm-N-0Og?stp=s2048x1536&edm=ALXxkZ8EAAAA&_nc_gid=SrZh6gq8FLJwe3wTW8OPOg&_nc_oc=AdkYlwno95EvMJOK8gtfvxMEzIaao9iPf18C3HgAMDJo_aDYXsozBVtN2cA_4z4vtHA&ccb=10-5&oh=00_Afd0p0_KLt-UbW69r2KgpmapiARWDI_Nk4Ua3hfH5NtJog&oe=692B8178&_nc_sid=201bca,1550127617066,S0kbYi8VQ_WxGBZSOrY3Wg,41.90642676825,12.481470793108,320.79345703125,"[1.5581243980598, 0.35181418557145, -0.44448548081539]",0.81291208405478,0.039514784240957,-0.055435008227648,41.90645134375,12.481421727569
567165644289649,https://scontent-ams2-1.xx.fbcdn.net/m1/v/t6/An-c5c3iP9XusMM3P6cEJTQ2QM1RqjfYyckojuC9ZGZV7CSATlKDdiGvFv5u5Te8LDiItXXgFDNWaee-bwOtBXppYW6CvW6pH8uXElZec8zFZnNvU632UCbshnmwwMjiRqM80H-I_CcpZQd6-xFTqw?stp=s2048x1536&edm=ALXxkZ8EAAAA&_nc_gid=lxgCGZFfQGKtsyI7zFJN4Q&_nc_oc=AdkObeQC7c6SnhJ35JavGcqwPc-KlfV2LqLGmtX8oIb8k1G31GXDPtXT7m7fjEJHsk0&ccb=10-5&oh=00_AfeT4oQOl0YLfuKA5Y2DBf1TkANuSMrB3UwYkDswdf_stQ&oe=692B6EB2&_nc_sid=201bca,1550127619030,S0kbYi8VQ_WxGBZSOrY3Wg,41.906437084483,12.481452257524,309.77490234375,"[1.4705796934671, 0.62459111808587, -0.72785536357317]",0.81291208405478,0.039514784240957,-0.055435008227648,41.9064674309,12.481398639803
845880612806772,https://scontent-ams2-1.xx.fbcdn.net/m1/v/t6/An98wC1Bk3mezwq8egXc1U7lWGJbAtDaTtoL0gC4uDWLXP3Uv_Nn3O14-r1lhCnFzCqr5obcdsrqUnllmxpJI_5A9Lt4mnIO4G1buWNn0HL2VnoNMGI_loxCG3jk8FHts_Sqi08fR7MqJRbVaW35LkE?stp=s2048x1536&edm=ALXxkZ8EAAAA&_nc_gid=71CLzna2Svn8vaz9LujkDQ&_nc_oc=Adlu8xP3G2SQxcFT5gNlDBUVdfYxA17-SSMavT8aBCtbL_nJewyGqqpvo6_Hu-EYJ2g&ccb=10-5&oh=00_Affxbo47zt-zyZiv1GrDsLGvlJ_H97xuhB9x5KLh68BuDw&oe=692B92D8&_nc_sid=201bca,1550127620060,S0kbYi8VQ_WxGBZSOrY3Wg,41.906443359,12.481438305622,306.46356201172,"[1.483911806802, 0.68648621071206, -0.75073451587396]",0.81291208405478,0.039514784240957,-0.055435008227648,41.906474472587,12.481386215608
199197855374442,https://scontent-ams2-1.xx.fbcdn.net/m1/v/t6/An8W-kJOeuyZbOs4rrQXET48z8TMyNaW4LQQZJfsEGls177yGEfxSB5HdSoZr32LkdYGN0s1KRYUCal1gPZckxrF64jDK8ZfZ65rfjKhB8KiPKx8Ix7ByMcF8R0enBp4Mq3L7CsuuFSHSrPpV-A3Wg?stp=s2048x1536&edm=ALXxkZ8EAAAA&_nc_gid=LZpLNPIv3Fkgwm6VrxZ4mg&_nc_oc=AdnRtsbhkaiHTYLW7uzF8A9ubGxJ3gW6gvYtRtbcEWH19bOynMkU8ML3LZNefCoOoMc&ccb=10-5&oh=00_AfckIOOnt2uuCrGS9CI5PI5NtlAX1FwC4v3exDpZQKv1WQ&oe=692B880C&_nc_sid=201bca,1550127621029,S0kbYi8VQ_WxGBZSOrY3Wg,41.906454975997,12.481433488011,307.32067871094,"[1.4551286638926, 0.68696350650263, -0.75229987737901]",0.81291208405478,0.039514784240957,-0.055435008227648,41.90648205515,12.481375461571
108796431284045,https://scontent-ams2-1.xx.fbcdn.net/m1/v/t6/An_FKzt5monYBhJ_5c1nlldSmxMmnXAUZ9_IdbxsI9_OA6JmW_K24syhwQT2P06NAgEr0AujjUPk9kpAU-aWx77QWCp0JKQNgPNYpZO0OH0Asnkjw6ekIjtXH5MlIpko_v1kcmA8CnCd1cFuZfVLSw?stp=s2048x1536&edm=ALXxkZ8EAAAA&_nc_gid=PeO8fC4TM8N0zlUBiAnNYw&_nc_oc=Adm4_dzqkdRkcoa8xpLLiNb15m0IxeC1dLsyq4hMvZOUrshn5CjcAs-6a3JNJVYtf-o&ccb=10-5&oh=00_AfccfBD_h47DVSPHP3leioXW5LUW8jxPD63JMUtBvEE8JQ&oe=692B8FE9&_nc_sid=201bca,1550127622037,S0kbYi8VQ_WxGBZSOrY3Wg,41.906461577941,12.481416677205,309.28887939453,"[1.4736212954175, 0.53848057693916, -0.69384438334187]",0.81291208405478,0.039514784240957,-0.055435008227648,41.906489193732,12.481364381829
428293974906309,https://scontent-ams2-1.xx.fbcdn.net/m1/v/t6/An8KDrdApGeVnzLBQQHx8AciNAJF9ofcPUmCuf3mCiVo2zIDbAD5MNcArwoaB3abC_mIJymEfz7zIp0nFIauXDyAeGjtERLS0j0W5zV6d_ZcyPIT8y61J3T7mpNeiw05_ojwVYLL1klqNRrIIMX6dg?stp=s2048x1536&edm=ALXxkZ8EAAAA&_nc_gid=8cX82omMJ29vT0O5s0GJ2w&_nc_oc=Adn7rzlwQeiposPMgZYAzQwHLdZKbHrccmRMl4TKarz4LvjEbaoDfGwvx8Xx4lfvDN8&ccb=10-5&oh=00_AfcI6-ZntxAC58zfL5KPchLjOC1t_FUt7XWYxGh08fRnyw&oe=692B71BD&_nc_sid=201bca,1550127623099,S0kbYi8VQ_WxGBZSOrY3Wg,41.906467796468,12.481400525839,306.88818359375,"[1.4664212773199, 0.6625617368328, -0.7611735985015]",0.81291208405478,0.039514784240957,-0.055435008227648,41.906495960083,12.481351863804
504474467404712,https://scontent-ams2-1.xx.fbcdn.net/m1/v/t6/An8z5GsA5gvCkCTo-6s25Wa9EhpnV97p8yPSGlR8HOeqYrEwL_2ox8_1Rv76jiX65rVm0zGSuQW-xOvUPK6s1goqtYHlnBVJ3tdAGbzmXR25fABN-iTZ7q6ag5lA084djB2b98oaTKdqCBMbaEoQHA?stp=s2048x1536&edm=ALXxkZ8EAAAA&_nc_gid=-c2jGjygfmFG3rHzibJq-Q&_nc_oc=AdmZ0kHG8ctHOHaB-Fab6XT4zuHUCnrt4VI1COg2OzrJx1LBELOxE-78ADQYFwXiGCc&ccb=10-5&oh=00_AfdFpIGH__YjQ7EzawaJk48SGzsAZtkJ3mR-EISaG0h3NA&oe=692B96E2&_nc_sid=201bca,1550127624008,S0kbYi8VQ_WxGBZSOrY3Wg,41.9064736989,12.481382063306,301.97943115234,"[1.4950085862183, 0.65526664555284, -0.77141391002745]",0.81291208405478,0.039514784240957,-0.055435008227648,41.906502595956,12.481340450207
269668874856680,https://scontent-ams2-1.xx.fbcdn.net/m1/v/t6/An_NdjJJaPxHVVwkWvp2Xq0K1xL058IhnD1SNl8UQz1PNmw5HjwZMYsZ6SL7snB0JAbLz5cTU-4Q8i-v120UdeYArlfv9xwWqAq4hFMe5GZbeU-aY_Se7xxYHvXwJICOPLgJKrgXRR0PzumbEEwbKtk?stp=s2048x1536&edm=ALXxkZ8EAAAA&_nc_gid=pYgXPQHn1ULo8-8RDLOjxQ&_nc_oc=AdmtcBdrOE3quksyHkQylHjM3Pq0DP6IELrFrahC3w6nAcEpsGYi65FeJY-Jaf5Cxfo&ccb=10-5&oh=00_AfeJD3SUPCMcizXQ33dYsOr4nP9_ZRyg-VR37uBAHflCJg&oe=692B7A85&_nc_sid=201bca,1550127625075,S0kbYi8VQ_WxGBZSOrY3Wg,41.906479040951,12.481365550982,302.85864257812,"[1.4597582943252, 0.59023326681083, -0.74893022070391]",0.81291208405478,0.039514784240957,-0.055435008227648,41.906510441435,12.481328433989
309957857169063,https://scontent-ams2-1.xx.fbcdn.net/m1/v/t6/An95Q4_vdky-lI4wUF0cqzLTijdioaFZfvrUUV3jL5WLCAewHClrJKxNQ2hbQom0Hg9sicoOEh3jO_mhfiv18d8zfiI2Si7Das0Fanh1_DOCG00o67Qp8dOGVXfVyQndeEtU5XJkiE0Zl5lyXFcBUg?stp=s2048x1536&edm=ALXxkZ8EAAAA&_nc_gid=RxZJsSNmI0EwWwQd-LXXHQ&_nc_oc=AdmKlCFT0DsyWYQl5guXpU-1W_F9SnvjPd7V2gpRpwJ5ydab7CO_xrBorUL6avhayb8&ccb=10-5&oh=00_AfdjFA6gcdNPHgU7aahKtg6z74CwihigSVUkOG9tU8MHHQ&oe=692B69B1&_nc_sid=201bca,1550127626053,S0kbYi8VQ_WxGBZSOrY3Wg,41.906489686157,12.481354087752,305.35479736328,"[1.485839078557, 0.60525166114455, -0.7619412831368]",0.81291208405478,0.039514784240957,-0.055435008227648,41.906518324032,12.481318593216
276043394252216,https://scontent-ams2-1.xx.fbcdn.net/m1/v/t6/An_gWulGyoNqMYr3wrWk3wEPHN8As8N5yLEt5DaZYReW7SARfKjPut8P0ZchTHHAqURdBnduxnk_3FU3tGFSwnZVWAndtlKmYyfgi6Xe6ADNoEOROi0b-kK5-qdrY4H4lGmVTbYWt1AIhCLs8LM7iA?stp=s2048x1536&edm=ALXxkZ8EAAAA&_nc_gid=yCrHq93ctYDF5-hOV2_P_A&_nc_oc=AdlfMwBoSUm8aiXEk2HY-hbzh1FPuMkUF7TfsMbHYDuGEynBCbMhCOvwrLa5T7H7ZU8&ccb=10-5&oh=00_Aff51LrldQqVnyr_0eZROw-mGs0mJeTKv66kZ1ER-HLqXQ&oe=692B818F&_nc_sid=201bca,1550127627042,S0kbYi8VQ_WxGBZSOrY3Wg,41.906499674261,12.481345318416,311.81945800781,"[1.5377580385399, 0.53981840725185, -0.68440031760747]",0.81291208405478,0.039514784240957,-0.055435008227648,41.906526985594,12.481309278908
186136253368839,https://scontent-ams2-1.xx.fbcdn.net/m1/v/t6/An_bSEvtnxTGNBLmf-6bP2LIxFDQ0ADesSfgd5Ig7ua-SOMAS_ZGZTPkIWdY4ZF5iZc33ryJFey626d7nXYiBMwqExu-JsB0FTx_FG83A9Aq2E0lqxsZFek9f9o8xbMYZg4el071L5_04QFytAkJoG4?stp=s2048x1536&edm=ALXxkZ8EAAAA&_nc_gid=tCAvgh9md3Gra9fDgRBhHw&_nc_oc=AdmdGpiKGGs5ugFDUzNc8v23cbtqVX0WVkjaxUX-fSchZhuYomXjHBI_dGfdXfpDoYI&ccb=10-5&oh=00_AfcrxxJXw-mSocW-DUK2yskEHfz5FAMxx53IglhU1WCi_A&oe=692B7F5E&_nc_sid=201bca,1550127628072,S0kbYi8VQ_WxGBZSOrY3Wg,41.906506804748,12.481332769901,313.72595214844,"[1.5581201797385, 0.61454661921118, -0.67762066821862]",0.81291208405478,0.039514784240957,-0.055435008227648,41.906536780045,12.481297668332
2754890351488771,https://scontent-ams2-1.xx.fbcdn.net/m1/v/t6/An9DMxUz_kSVheRaWXIPIbuOKC88ZhAkjKTYCUv3q2VtkDqkZUIV_eG2OnfAux3x7OtGo8x1yK3dXz_7Ypnc-T0oCKLrHui_xK0PsVz2gyg6ZSbZP_EK9495BJT73Px57xA3Jdf2GJL4rZuZYwFtqQ?stp=s2048x1536&edm=ALXxkZ8EAAAA&_nc_gid=iZMlnI80373HTB9-v0L0Wg&_nc_oc=AdmEARh61VYTkf2SmbXMot94atkB8w-t4md10Lx3Ije1KAX2meJBLCv_b1aFDB0ood0&ccb=10-5&oh=00_AfeiH-CEnD6BfgslgK0mwcwM-a-r4eFzxjiYKbo8Q8R_Ug&oe=692B8AB6&_nc_sid=201bca,1550127629064,S0kbYi8VQ_WxGBZSOrY3Wg,41.906515434965,12.481318226118,305.9853515625,"[1.5143763904681, 0.70534191410171, -0.76911328700875]",0.81291208405478,0.039514784240957,-0.055435008227648,41.906544776319,12.481287963624
158998502845419,https://scontent-ams2-1.xx.fbcdn.net/m1/v/t6/An--k3qNK2gbdOwhYCxivj9J4jhcpP2nWHkeQulqgm9V_DiKidytsqsyu9S3x7prlG8P-SVrIRJI7yuNZe88PiFCPRROPwu-t9H25aCkehpJa7Pk3PrilkwQF84kK-3zIXz7-GU0r9ew__dLuZwRDg?stp=s2048x1536&edm=ALXxkZ8EAAAA&_nc_gid=NQShhJfA4PbYNU-V4ffD_g&_nc_oc=AdmQjTvOMTN3HQLaWDTCijE5szBYVDAaoleGzWZfzJPg4c8AHgEErMqcBn4zuq4Gd94&ccb=10-5&oh=00_AffwJiLJkZXTaZ3dD2LugJNqPNQ-dNhOQbOZ_Cv7rTUqhw&oe=692B73DB&_nc_sid=201bca,1550127630061,S0kbYi8VQ_WxGBZSOrY3Wg,41.906522763675,12.481303743952,299.3369140625,"[1.4804765433277, 0.70067794328629, -0.76769856847534]",0.81291208405478,0.039514784240957,-0.055435008227648,41.906552302749,12.481277855623
1605655822966617,https://scontent-ams2-1.xx.fbcdn.net/m1/v/t6/An8v1MSuoywiE2rCf9oBFrUe6bAYD_Lh2-h3GyDuRCP0dHvp8KKzmGwZvmuA9rLCPIAH_osg7J3Fnup9w7NNOirXY0WAVTpEWuiX1s1MVm0152G9BLYIbry8RZN14-MvGcWQGxaC-tETzAotHqS2hsI?stp=s2048x1536&edm=ALXxkZ8EAAAA&_nc_gid=kjpW57hmEOmmIgfYzqj0JQ&_nc_oc=AdlLUu7-X06ME8OmPLQAO135P3eEmnVwgkyg83YklDGcIzggDoChWj1sHpS8G7xndxE&ccb=10-5&oh=00_Afd4dsmsiwqv0GrBLaPVsT4M-wkhsU137p0DpqeLHrIGHw&oe=692B7854&_nc_sid=201bca,1550127631074,S0kbYi8VQ_WxGBZSOrY3Wg,41.906534025544,12.481294347275,296.74084472656,"[1.5166375743408, 0.7608111692192, -0.77341872053043]",0.81291208405478,0.039514784240957,-0.055435008227648,41.906559193225,12.481267062705
147824697357307,https://scontent-ams2-1.xx.fbcdn.net/m1/v/t6/An8W_XDbowRQO7F0VctkzcazAGr8G_lWoBux7SdKrpWiz75RRL9yCjmmACOC5oRTgyNUcPRzlsg7gGpcTxuVRfWh25jIUngqN515Obv0UAcSGyJfZ2juSYDJH2BE9VOFYJ8sLtQA_mgM8R2uk32Yzg?stp=s2048x1536&edm=ALXxkZ8EAAAA&_nc_gid=JUX3BGofTH0R8AvVag9czA&_nc_oc=Adk6JKPIwmBtX8q_7ooXHtW0hskWoH1YlIIoFw57PDOtA9z8ki8lQHZFrbECHHO-Rik&ccb=10-5&oh=00_Afc54vQtDbT8htwWnHvjtVCg_v1hne4kwj-Kdg3m6dj7IQ&oe=692B8FCC&_nc_sid=201bca,1550127632061,S0kbYi8VQ_WxGBZSOrY3Wg,41.906539647826,12.481276771293,297.91174316406,"[1.4475406933033, 0.75281971227105, -0.77647902022621]",0.81291208405478,0.039514784240957,-0.055435008227648,41.906566428967,12.481253617031
1318876868483537,https://scontent-ams2-1.xx.fbcdn.net/m1/v/t6/An8FMTCjHPfdJoo_suXweZ9ezI9HK3XF15kB3skp_8B5A8jPwM77_G-GFTYsMRP7L5xpC8hoH6wA7NWqGp1OQQloPM0ywfN_PPIfnuUpwEq7sH6nY4RODu-I4z4tfsz-Dc3Ea8g-LxJ01uddMbNSyw?stp=s2048x1536&edm=ALXxkZ8EAAAA&_nc_gid=uxX6RzaOZ20i-kdnbtvMdg&_nc_oc=AdnUYWQNqE0J57avJYZzlsKoqKVynPWhry7jLKNuzPi6eY4zzaf106q-p4VXD0-Ya3I&ccb=10-5&oh=00_Afex6IeTK1snEZ1o-Vqk8vzx7IWng2GKyLMr_Z-p-4Mqyg&oe=692B6C71&_nc_sid=201bca,1550127633059,S0kbYi8VQ_WxGBZSOrY3Wg,41.906547207161,12.481263355073,294.51721191406,"[1.4346860342119, 0.81457155007006, -0.91741389591535]",0.81291208405478,0.039514784240957,-0.055435008227648,41.906571987455,12.481241227193
344539510631341,https://scontent-ams2-1.xx.fbcdn.net/m1/v/t6/An9cBu7jx858KoKBXPLhWJ96jKvpn_6sK6zgj2quZN-ZDtklON44ajbwLmR2XfnC7ojVRIqkAlz93TvCltbiOOKIALpZeit-RxxsEb24oRshhgGmmTqVOcP5sbzPGLNR_e5cTQRGls2AIag_Zt6Fqw?stp=s2048x1536&edm=ALXxkZ8EAAAA&_nc_gid=gZkjNRSqBAwG2M5-QzIrOw&_nc_oc=AdnPJaolBCRHkTbIHYSA8ORsU-JqtjppT9lWQysDYuK3zOdu78Md0Ea4tJh3a2SimwA&ccb=10-5&oh=00_AfdvjagmqAGqoBUd6tyavXkhf2nZNmbyTvFa8u9upQHcMQ&oe=692B6CC6&_nc_sid=201bca,1550127634070,S0kbYi8VQ_WxGBZSOrY3Wg,41.906558710704,12.481256679838,296.56091308594,"[1.4903667270478, 0.82210438209756, -0.9345954420247]",0.81291208405478,0.039514784240957,-0.055435008227648,41.906577918723,12.481226729219
